[
  {
    "name": "Process Start",
    "start": 1650852345715,
    "end": 1650852346136,
    "duration": 421,
    "pid": 31934,
    "index": 0
  },
  {
    "name": "Application Start",
    "start": 1650852346137,
    "end": 1650852347884,
    "duration": 1747,
    "pid": 31934,
    "index": 1
  },
  {
    "name": "Load Plugin",
    "start": 1650852346140,
    "end": 1650852346148,
    "duration": 8,
    "pid": 31934,
    "index": 2
  },
  {
    "name": "Load Config",
    "start": 1650852346148,
    "end": 1650852346166,
    "duration": 18,
    "pid": 31934,
    "index": 3
  },
  {
    "name": "Require(0) config/config.default.js",
    "start": 1650852346148,
    "end": 1650852346149,
    "duration": 1,
    "pid": 31934,
    "index": 4
  },
  {
    "name": "Require(1) node_modules/egg-session/config/config.default.js",
    "start": 1650852346151,
    "end": 1650852346151,
    "duration": 0,
    "pid": 31934,
    "index": 5
  },
  {
    "name": "Require(2) node_modules/egg-security/config/config.default.js",
    "start": 1650852346151,
    "end": 1650852346152,
    "duration": 1,
    "pid": 31934,
    "index": 6
  },
  {
    "name": "Require(3) node_modules/egg-jsonp/config/config.default.js",
    "start": 1650852346153,
    "end": 1650852346153,
    "duration": 0,
    "pid": 31934,
    "index": 7
  },
  {
    "name": "Require(4) node_modules/egg-onerror/config/config.default.js",
    "start": 1650852346153,
    "end": 1650852346153,
    "duration": 0,
    "pid": 31934,
    "index": 8
  },
  {
    "name": "Require(5) node_modules/egg-i18n/config/config.default.js",
    "start": 1650852346154,
    "end": 1650852346154,
    "duration": 0,
    "pid": 31934,
    "index": 9
  },
  {
    "name": "Require(6) node_modules/egg-watcher/config/config.default.js",
    "start": 1650852346154,
    "end": 1650852346154,
    "duration": 0,
    "pid": 31934,
    "index": 10
  },
  {
    "name": "Require(7) node_modules/egg-schedule/config/config.default.js",
    "start": 1650852346154,
    "end": 1650852346155,
    "duration": 1,
    "pid": 31934,
    "index": 11
  },
  {
    "name": "Require(8) node_modules/egg-multipart/config/config.default.js",
    "start": 1650852346155,
    "end": 1650852346155,
    "duration": 0,
    "pid": 31934,
    "index": 12
  },
  {
    "name": "Require(9) node_modules/egg-development/config/config.default.js",
    "start": 1650852346156,
    "end": 1650852346156,
    "duration": 0,
    "pid": 31934,
    "index": 13
  },
  {
    "name": "Require(10) node_modules/egg-logrotator/config/config.default.js",
    "start": 1650852346156,
    "end": 1650852346156,
    "duration": 0,
    "pid": 31934,
    "index": 14
  },
  {
    "name": "Require(11) node_modules/egg-static/config/config.default.js",
    "start": 1650852346156,
    "end": 1650852346156,
    "duration": 0,
    "pid": 31934,
    "index": 15
  },
  {
    "name": "Require(12) node_modules/egg-view/config/config.default.js",
    "start": 1650852346156,
    "end": 1650852346156,
    "duration": 0,
    "pid": 31934,
    "index": 16
  },
  {
    "name": "Require(13) node_modules/egg-view-nunjucks/config/config.default.js",
    "start": 1650852346157,
    "end": 1650852346157,
    "duration": 0,
    "pid": 31934,
    "index": 17
  },
  {
    "name": "Require(14) node_modules/egg-mysql/config/config.default.js",
    "start": 1650852346157,
    "end": 1650852346157,
    "duration": 0,
    "pid": 31934,
    "index": 18
  },
  {
    "name": "Require(15) node_modules/egg-mongoose/config/config.default.js",
    "start": 1650852346157,
    "end": 1650852346157,
    "duration": 0,
    "pid": 31934,
    "index": 19
  },
  {
    "name": "Require(16) node_modules/egg/config/config.default.js",
    "start": 1650852346157,
    "end": 1650852346157,
    "duration": 0,
    "pid": 31934,
    "index": 20
  },
  {
    "name": "Require(17) config/config.default.js",
    "start": 1650852346159,
    "end": 1650852346159,
    "duration": 0,
    "pid": 31934,
    "index": 21
  },
  {
    "name": "Require(18) node_modules/egg-security/config/config.local.js",
    "start": 1650852346159,
    "end": 1650852346159,
    "duration": 0,
    "pid": 31934,
    "index": 22
  },
  {
    "name": "Require(19) node_modules/egg-watcher/config/config.local.js",
    "start": 1650852346160,
    "end": 1650852346162,
    "duration": 2,
    "pid": 31934,
    "index": 23
  },
  {
    "name": "Require(20) node_modules/egg-view/config/config.local.js",
    "start": 1650852346162,
    "end": 1650852346163,
    "duration": 1,
    "pid": 31934,
    "index": 24
  },
  {
    "name": "Require(21) node_modules/egg-view-nunjucks/config/config.local.js",
    "start": 1650852346163,
    "end": 1650852346164,
    "duration": 1,
    "pid": 31934,
    "index": 25
  },
  {
    "name": "Require(22) node_modules/egg/config/config.local.js",
    "start": 1650852346165,
    "end": 1650852346165,
    "duration": 0,
    "pid": 31934,
    "index": 26
  },
  {
    "name": "Load extend/application.js",
    "start": 1650852346167,
    "end": 1650852346243,
    "duration": 76,
    "pid": 31934,
    "index": 27
  },
  {
    "name": "Require(23) node_modules/egg-session/app/extend/application.js",
    "start": 1650852346168,
    "end": 1650852346172,
    "duration": 4,
    "pid": 31934,
    "index": 28
  },
  {
    "name": "Require(24) node_modules/egg-security/app/extend/application.js",
    "start": 1650852346174,
    "end": 1650852346176,
    "duration": 2,
    "pid": 31934,
    "index": 29
  },
  {
    "name": "Require(25) node_modules/egg-jsonp/app/extend/application.js",
    "start": 1650852346176,
    "end": 1650852346179,
    "duration": 3,
    "pid": 31934,
    "index": 30
  },
  {
    "name": "Require(26) node_modules/egg-logrotator/app/extend/application.js",
    "start": 1650852346180,
    "end": 1650852346184,
    "duration": 4,
    "pid": 31934,
    "index": 31
  },
  {
    "name": "Require(27) node_modules/egg-view/app/extend/application.js",
    "start": 1650852346184,
    "end": 1650852346188,
    "duration": 4,
    "pid": 31934,
    "index": 32
  },
  {
    "name": "Require(28) node_modules/egg-view-nunjucks/app/extend/application.js",
    "start": 1650852346188,
    "end": 1650852346242,
    "duration": 54,
    "pid": 31934,
    "index": 33
  },
  {
    "name": "Load extend/request.js",
    "start": 1650852346243,
    "end": 1650852346252,
    "duration": 9,
    "pid": 31934,
    "index": 34
  },
  {
    "name": "Require(29) node_modules/egg/app/extend/request.js",
    "start": 1650852346249,
    "end": 1650852346251,
    "duration": 2,
    "pid": 31934,
    "index": 35
  },
  {
    "name": "Load extend/response.js",
    "start": 1650852346252,
    "end": 1650852346257,
    "duration": 5,
    "pid": 31934,
    "index": 36
  },
  {
    "name": "Require(30) node_modules/egg/app/extend/response.js",
    "start": 1650852346253,
    "end": 1650852346256,
    "duration": 3,
    "pid": 31934,
    "index": 37
  },
  {
    "name": "Load extend/context.js",
    "start": 1650852346257,
    "end": 1650852346379,
    "duration": 122,
    "pid": 31934,
    "index": 38
  },
  {
    "name": "Require(31) node_modules/egg-security/app/extend/context.js",
    "start": 1650852346257,
    "end": 1650852346277,
    "duration": 20,
    "pid": 31934,
    "index": 39
  },
  {
    "name": "Require(32) node_modules/egg-jsonp/app/extend/context.js",
    "start": 1650852346278,
    "end": 1650852346282,
    "duration": 4,
    "pid": 31934,
    "index": 40
  },
  {
    "name": "Require(33) node_modules/egg-i18n/app/extend/context.js",
    "start": 1650852346282,
    "end": 1650852346284,
    "duration": 2,
    "pid": 31934,
    "index": 41
  },
  {
    "name": "Require(34) node_modules/egg-multipart/app/extend/context.js",
    "start": 1650852346284,
    "end": 1650852346372,
    "duration": 88,
    "pid": 31934,
    "index": 42
  },
  {
    "name": "Require(35) node_modules/egg-view/app/extend/context.js",
    "start": 1650852346372,
    "end": 1650852346375,
    "duration": 3,
    "pid": 31934,
    "index": 43
  },
  {
    "name": "Require(36) node_modules/egg-mongoose/app/extend/context.js",
    "start": 1650852346375,
    "end": 1650852346377,
    "duration": 2,
    "pid": 31934,
    "index": 44
  },
  {
    "name": "Require(37) node_modules/egg/app/extend/context.js",
    "start": 1650852346377,
    "end": 1650852346378,
    "duration": 1,
    "pid": 31934,
    "index": 45
  },
  {
    "name": "Load extend/helper.js",
    "start": 1650852346379,
    "end": 1650852346418,
    "duration": 39,
    "pid": 31934,
    "index": 46
  },
  {
    "name": "Require(38) node_modules/egg-security/app/extend/helper.js",
    "start": 1650852346379,
    "end": 1650852346415,
    "duration": 36,
    "pid": 31934,
    "index": 47
  },
  {
    "name": "Require(39) node_modules/egg/app/extend/helper.js",
    "start": 1650852346416,
    "end": 1650852346417,
    "duration": 1,
    "pid": 31934,
    "index": 48
  },
  {
    "name": "Load app.js",
    "start": 1650852346418,
    "end": 1650852346514,
    "duration": 96,
    "pid": 31934,
    "index": 49
  },
  {
    "name": "Require(40) node_modules/egg-session/app.js",
    "start": 1650852346418,
    "end": 1650852346419,
    "duration": 1,
    "pid": 31934,
    "index": 50
  },
  {
    "name": "Require(41) node_modules/egg-security/app.js",
    "start": 1650852346420,
    "end": 1650852346423,
    "duration": 3,
    "pid": 31934,
    "index": 51
  },
  {
    "name": "Require(42) node_modules/egg-onerror/app.js",
    "start": 1650852346423,
    "end": 1650852346440,
    "duration": 17,
    "pid": 31934,
    "index": 52
  },
  {
    "name": "Require(43) node_modules/egg-i18n/app.js",
    "start": 1650852346441,
    "end": 1650852346461,
    "duration": 20,
    "pid": 31934,
    "index": 53
  },
  {
    "name": "Require(44) node_modules/egg-watcher/app.js",
    "start": 1650852346461,
    "end": 1650852346470,
    "duration": 9,
    "pid": 31934,
    "index": 54
  },
  {
    "name": "Require(45) node_modules/egg-schedule/app.js",
    "start": 1650852346470,
    "end": 1650852346473,
    "duration": 3,
    "pid": 31934,
    "index": 55
  },
  {
    "name": "Require(46) node_modules/egg-multipart/app.js",
    "start": 1650852346474,
    "end": 1650852346474,
    "duration": 0,
    "pid": 31934,
    "index": 56
  },
  {
    "name": "Require(47) node_modules/egg-development/app.js",
    "start": 1650852346475,
    "end": 1650852346475,
    "duration": 0,
    "pid": 31934,
    "index": 57
  },
  {
    "name": "Require(48) node_modules/egg-logrotator/app.js",
    "start": 1650852346475,
    "end": 1650852346476,
    "duration": 1,
    "pid": 31934,
    "index": 58
  },
  {
    "name": "Require(49) node_modules/egg-static/app.js",
    "start": 1650852346476,
    "end": 1650852346478,
    "duration": 2,
    "pid": 31934,
    "index": 59
  },
  {
    "name": "Require(50) node_modules/egg-view-nunjucks/app.js",
    "start": 1650852346478,
    "end": 1650852346479,
    "duration": 1,
    "pid": 31934,
    "index": 60
  },
  {
    "name": "Require(51) node_modules/egg-mysql/app.js",
    "start": 1650852346479,
    "end": 1650852346511,
    "duration": 32,
    "pid": 31934,
    "index": 61
  },
  {
    "name": "Require(52) node_modules/egg-mongoose/app.js",
    "start": 1650852346512,
    "end": 1650852346513,
    "duration": 1,
    "pid": 31934,
    "index": 62
  },
  {
    "name": "Before Start in node_modules/egg-watcher/lib/init.js:15:14",
    "start": 1650852346521,
    "end": 1650852347133,
    "duration": 612,
    "pid": 31934,
    "index": 63
  },
  {
    "name": "Before Start in node_modules/egg-mongoose/lib/mongoose.js:104:7",
    "start": 1650852346990,
    "end": 1650852347883,
    "duration": 893,
    "pid": 31934,
    "index": 64
  },
  {
    "name": "Before Start in node_modules/egg-mongoose/lib/mongoose.js:52:9",
    "start": 1650852346990,
    "end": 1650852347124,
    "duration": 134,
    "pid": 31934,
    "index": 65
  },
  {
    "name": "Load Service",
    "start": 1650852346990,
    "end": 1650852346994,
    "duration": 4,
    "pid": 31934,
    "index": 66
  },
  {
    "name": "Load \"service\" to Context",
    "start": 1650852346991,
    "end": 1650852346994,
    "duration": 3,
    "pid": 31934,
    "index": 67
  },
  {
    "name": "Load Middleware",
    "start": 1650852346994,
    "end": 1650852347090,
    "duration": 96,
    "pid": 31934,
    "index": 68
  },
  {
    "name": "Load \"middlewares\" to Application",
    "start": 1650852346995,
    "end": 1650852347077,
    "duration": 82,
    "pid": 31934,
    "index": 69
  },
  {
    "name": "Load Controller",
    "start": 1650852347090,
    "end": 1650852347095,
    "duration": 5,
    "pid": 31934,
    "index": 70
  },
  {
    "name": "Load \"controller\" to Application",
    "start": 1650852347091,
    "end": 1650852347095,
    "duration": 4,
    "pid": 31934,
    "index": 71
  },
  {
    "name": "Load Router",
    "start": 1650852347095,
    "end": 1650852347097,
    "duration": 2,
    "pid": 31934,
    "index": 72
  },
  {
    "name": "Require(53) app/router.js",
    "start": 1650852347095,
    "end": 1650852347095,
    "duration": 0,
    "pid": 31934,
    "index": 73
  },
  {
    "name": "Before Start in node_modules/egg-core/lib/egg.js:303:10",
    "start": 1650852347096,
    "end": 1650852347124,
    "duration": 28,
    "pid": 31934,
    "index": 74
  },
  {
    "name": "Load \"model\" to Application",
    "start": 1650852347104,
    "end": 1650852347124,
    "duration": 20,
    "pid": 31934,
    "index": 75
  }
]