[
  {
    "name": "Process Start",
    "start": 1650846363749,
    "end": 1650846364142,
    "duration": 393,
    "pid": 4905,
    "index": 0
  },
  {
    "name": "Application Start",
    "start": 1650846364142,
    "end": 1650846365131,
    "duration": 989,
    "pid": 4905,
    "index": 1
  },
  {
    "name": "Load Plugin",
    "start": 1650846364146,
    "end": 1650846364153,
    "duration": 7,
    "pid": 4905,
    "index": 2
  },
  {
    "name": "Load Config",
    "start": 1650846364153,
    "end": 1650846364166,
    "duration": 13,
    "pid": 4905,
    "index": 3
  },
  {
    "name": "Require(0) config/config.default.js",
    "start": 1650846364154,
    "end": 1650846364155,
    "duration": 1,
    "pid": 4905,
    "index": 4
  },
  {
    "name": "Require(1) node_modules/egg-session/config/config.default.js",
    "start": 1650846364156,
    "end": 1650846364157,
    "duration": 1,
    "pid": 4905,
    "index": 5
  },
  {
    "name": "Require(2) node_modules/egg-security/config/config.default.js",
    "start": 1650846364157,
    "end": 1650846364157,
    "duration": 0,
    "pid": 4905,
    "index": 6
  },
  {
    "name": "Require(3) node_modules/egg-jsonp/config/config.default.js",
    "start": 1650846364158,
    "end": 1650846364159,
    "duration": 1,
    "pid": 4905,
    "index": 7
  },
  {
    "name": "Require(4) node_modules/egg-onerror/config/config.default.js",
    "start": 1650846364159,
    "end": 1650846364159,
    "duration": 0,
    "pid": 4905,
    "index": 8
  },
  {
    "name": "Require(5) node_modules/egg-i18n/config/config.default.js",
    "start": 1650846364159,
    "end": 1650846364159,
    "duration": 0,
    "pid": 4905,
    "index": 9
  },
  {
    "name": "Require(6) node_modules/egg-watcher/config/config.default.js",
    "start": 1650846364160,
    "end": 1650846364160,
    "duration": 0,
    "pid": 4905,
    "index": 10
  },
  {
    "name": "Require(7) node_modules/egg-schedule/config/config.default.js",
    "start": 1650846364160,
    "end": 1650846364160,
    "duration": 0,
    "pid": 4905,
    "index": 11
  },
  {
    "name": "Require(8) node_modules/egg-multipart/config/config.default.js",
    "start": 1650846364160,
    "end": 1650846364160,
    "duration": 0,
    "pid": 4905,
    "index": 12
  },
  {
    "name": "Require(9) node_modules/egg-development/config/config.default.js",
    "start": 1650846364161,
    "end": 1650846364161,
    "duration": 0,
    "pid": 4905,
    "index": 13
  },
  {
    "name": "Require(10) node_modules/egg-logrotator/config/config.default.js",
    "start": 1650846364161,
    "end": 1650846364161,
    "duration": 0,
    "pid": 4905,
    "index": 14
  },
  {
    "name": "Require(11) node_modules/egg-static/config/config.default.js",
    "start": 1650846364161,
    "end": 1650846364161,
    "duration": 0,
    "pid": 4905,
    "index": 15
  },
  {
    "name": "Require(12) node_modules/egg-view/config/config.default.js",
    "start": 1650846364161,
    "end": 1650846364161,
    "duration": 0,
    "pid": 4905,
    "index": 16
  },
  {
    "name": "Require(13) node_modules/egg-view-nunjucks/config/config.default.js",
    "start": 1650846364162,
    "end": 1650846364162,
    "duration": 0,
    "pid": 4905,
    "index": 17
  },
  {
    "name": "Require(14) node_modules/egg-mysql/config/config.default.js",
    "start": 1650846364162,
    "end": 1650846364162,
    "duration": 0,
    "pid": 4905,
    "index": 18
  },
  {
    "name": "Require(15) node_modules/egg-mongoose/config/config.default.js",
    "start": 1650846364162,
    "end": 1650846364162,
    "duration": 0,
    "pid": 4905,
    "index": 19
  },
  {
    "name": "Require(16) node_modules/egg/config/config.default.js",
    "start": 1650846364162,
    "end": 1650846364162,
    "duration": 0,
    "pid": 4905,
    "index": 20
  },
  {
    "name": "Require(17) config/config.default.js",
    "start": 1650846364163,
    "end": 1650846364163,
    "duration": 0,
    "pid": 4905,
    "index": 21
  },
  {
    "name": "Require(18) node_modules/egg-security/config/config.local.js",
    "start": 1650846364163,
    "end": 1650846364163,
    "duration": 0,
    "pid": 4905,
    "index": 22
  },
  {
    "name": "Require(19) node_modules/egg-watcher/config/config.local.js",
    "start": 1650846364165,
    "end": 1650846364165,
    "duration": 0,
    "pid": 4905,
    "index": 23
  },
  {
    "name": "Require(20) node_modules/egg-view/config/config.local.js",
    "start": 1650846364165,
    "end": 1650846364165,
    "duration": 0,
    "pid": 4905,
    "index": 24
  },
  {
    "name": "Require(21) node_modules/egg-view-nunjucks/config/config.local.js",
    "start": 1650846364165,
    "end": 1650846364165,
    "duration": 0,
    "pid": 4905,
    "index": 25
  },
  {
    "name": "Require(22) node_modules/egg/config/config.local.js",
    "start": 1650846364165,
    "end": 1650846364166,
    "duration": 1,
    "pid": 4905,
    "index": 26
  },
  {
    "name": "Load extend/application.js",
    "start": 1650846364166,
    "end": 1650846364201,
    "duration": 35,
    "pid": 4905,
    "index": 27
  },
  {
    "name": "Require(23) node_modules/egg-session/app/extend/application.js",
    "start": 1650846364167,
    "end": 1650846364167,
    "duration": 0,
    "pid": 4905,
    "index": 28
  },
  {
    "name": "Require(24) node_modules/egg-security/app/extend/application.js",
    "start": 1650846364167,
    "end": 1650846364168,
    "duration": 1,
    "pid": 4905,
    "index": 29
  },
  {
    "name": "Require(25) node_modules/egg-jsonp/app/extend/application.js",
    "start": 1650846364168,
    "end": 1650846364171,
    "duration": 3,
    "pid": 4905,
    "index": 30
  },
  {
    "name": "Require(26) node_modules/egg-logrotator/app/extend/application.js",
    "start": 1650846364172,
    "end": 1650846364173,
    "duration": 1,
    "pid": 4905,
    "index": 31
  },
  {
    "name": "Require(27) node_modules/egg-view/app/extend/application.js",
    "start": 1650846364173,
    "end": 1650846364174,
    "duration": 1,
    "pid": 4905,
    "index": 32
  },
  {
    "name": "Require(28) node_modules/egg-view-nunjucks/app/extend/application.js",
    "start": 1650846364174,
    "end": 1650846364200,
    "duration": 26,
    "pid": 4905,
    "index": 33
  },
  {
    "name": "Load extend/request.js",
    "start": 1650846364201,
    "end": 1650846364202,
    "duration": 1,
    "pid": 4905,
    "index": 34
  },
  {
    "name": "Require(29) node_modules/egg/app/extend/request.js",
    "start": 1650846364201,
    "end": 1650846364202,
    "duration": 1,
    "pid": 4905,
    "index": 35
  },
  {
    "name": "Load extend/response.js",
    "start": 1650846364202,
    "end": 1650846364204,
    "duration": 2,
    "pid": 4905,
    "index": 36
  },
  {
    "name": "Require(30) node_modules/egg/app/extend/response.js",
    "start": 1650846364203,
    "end": 1650846364203,
    "duration": 0,
    "pid": 4905,
    "index": 37
  },
  {
    "name": "Load extend/context.js",
    "start": 1650846364204,
    "end": 1650846364228,
    "duration": 24,
    "pid": 4905,
    "index": 38
  },
  {
    "name": "Require(31) node_modules/egg-security/app/extend/context.js",
    "start": 1650846364204,
    "end": 1650846364206,
    "duration": 2,
    "pid": 4905,
    "index": 39
  },
  {
    "name": "Require(32) node_modules/egg-jsonp/app/extend/context.js",
    "start": 1650846364206,
    "end": 1650846364206,
    "duration": 0,
    "pid": 4905,
    "index": 40
  },
  {
    "name": "Require(33) node_modules/egg-i18n/app/extend/context.js",
    "start": 1650846364206,
    "end": 1650846364206,
    "duration": 0,
    "pid": 4905,
    "index": 41
  },
  {
    "name": "Require(34) node_modules/egg-multipart/app/extend/context.js",
    "start": 1650846364206,
    "end": 1650846364226,
    "duration": 20,
    "pid": 4905,
    "index": 42
  },
  {
    "name": "Require(35) node_modules/egg-view/app/extend/context.js",
    "start": 1650846364227,
    "end": 1650846364227,
    "duration": 0,
    "pid": 4905,
    "index": 43
  },
  {
    "name": "Require(36) node_modules/egg-mongoose/app/extend/context.js",
    "start": 1650846364227,
    "end": 1650846364227,
    "duration": 0,
    "pid": 4905,
    "index": 44
  },
  {
    "name": "Require(37) node_modules/egg/app/extend/context.js",
    "start": 1650846364227,
    "end": 1650846364227,
    "duration": 0,
    "pid": 4905,
    "index": 45
  },
  {
    "name": "Load extend/helper.js",
    "start": 1650846364228,
    "end": 1650846364237,
    "duration": 9,
    "pid": 4905,
    "index": 46
  },
  {
    "name": "Require(38) node_modules/egg-security/app/extend/helper.js",
    "start": 1650846364228,
    "end": 1650846364236,
    "duration": 8,
    "pid": 4905,
    "index": 47
  },
  {
    "name": "Require(39) node_modules/egg/app/extend/helper.js",
    "start": 1650846364236,
    "end": 1650846364237,
    "duration": 1,
    "pid": 4905,
    "index": 48
  },
  {
    "name": "Load app.js",
    "start": 1650846364237,
    "end": 1650846364259,
    "duration": 22,
    "pid": 4905,
    "index": 49
  },
  {
    "name": "Require(40) node_modules/egg-session/app.js",
    "start": 1650846364237,
    "end": 1650846364237,
    "duration": 0,
    "pid": 4905,
    "index": 50
  },
  {
    "name": "Require(41) node_modules/egg-security/app.js",
    "start": 1650846364238,
    "end": 1650846364238,
    "duration": 0,
    "pid": 4905,
    "index": 51
  },
  {
    "name": "Require(42) node_modules/egg-onerror/app.js",
    "start": 1650846364238,
    "end": 1650846364243,
    "duration": 5,
    "pid": 4905,
    "index": 52
  },
  {
    "name": "Require(43) node_modules/egg-i18n/app.js",
    "start": 1650846364244,
    "end": 1650846364249,
    "duration": 5,
    "pid": 4905,
    "index": 53
  },
  {
    "name": "Require(44) node_modules/egg-watcher/app.js",
    "start": 1650846364249,
    "end": 1650846364250,
    "duration": 1,
    "pid": 4905,
    "index": 54
  },
  {
    "name": "Require(45) node_modules/egg-schedule/app.js",
    "start": 1650846364250,
    "end": 1650846364252,
    "duration": 2,
    "pid": 4905,
    "index": 55
  },
  {
    "name": "Require(46) node_modules/egg-multipart/app.js",
    "start": 1650846364252,
    "end": 1650846364253,
    "duration": 1,
    "pid": 4905,
    "index": 56
  },
  {
    "name": "Require(47) node_modules/egg-development/app.js",
    "start": 1650846364253,
    "end": 1650846364253,
    "duration": 0,
    "pid": 4905,
    "index": 57
  },
  {
    "name": "Require(48) node_modules/egg-logrotator/app.js",
    "start": 1650846364253,
    "end": 1650846364253,
    "duration": 0,
    "pid": 4905,
    "index": 58
  },
  {
    "name": "Require(49) node_modules/egg-static/app.js",
    "start": 1650846364253,
    "end": 1650846364253,
    "duration": 0,
    "pid": 4905,
    "index": 59
  },
  {
    "name": "Require(50) node_modules/egg-view-nunjucks/app.js",
    "start": 1650846364253,
    "end": 1650846364254,
    "duration": 1,
    "pid": 4905,
    "index": 60
  },
  {
    "name": "Require(51) node_modules/egg-mysql/app.js",
    "start": 1650846364254,
    "end": 1650846364258,
    "duration": 4,
    "pid": 4905,
    "index": 61
  },
  {
    "name": "Require(52) node_modules/egg-mongoose/app.js",
    "start": 1650846364258,
    "end": 1650846364258,
    "duration": 0,
    "pid": 4905,
    "index": 62
  },
  {
    "name": "Before Start in node_modules/egg-watcher/lib/init.js:15:14",
    "start": 1650846364264,
    "end": 1650846364586,
    "duration": 322,
    "pid": 4905,
    "index": 63
  },
  {
    "name": "Before Start in node_modules/egg-mongoose/lib/mongoose.js:104:7",
    "start": 1650846364478,
    "end": 1650846365130,
    "duration": 652,
    "pid": 4905,
    "index": 64
  },
  {
    "name": "Before Start in node_modules/egg-mongoose/lib/mongoose.js:52:9",
    "start": 1650846364478,
    "end": 1650846364577,
    "duration": 99,
    "pid": 4905,
    "index": 65
  },
  {
    "name": "Load Service",
    "start": 1650846364478,
    "end": 1650846364505,
    "duration": 27,
    "pid": 4905,
    "index": 66
  },
  {
    "name": "Load \"service\" to Context",
    "start": 1650846364479,
    "end": 1650846364505,
    "duration": 26,
    "pid": 4905,
    "index": 67
  },
  {
    "name": "Load Middleware",
    "start": 1650846364505,
    "end": 1650846364555,
    "duration": 50,
    "pid": 4905,
    "index": 68
  },
  {
    "name": "Load \"middlewares\" to Application",
    "start": 1650846364506,
    "end": 1650846364544,
    "duration": 38,
    "pid": 4905,
    "index": 69
  },
  {
    "name": "Load Controller",
    "start": 1650846364555,
    "end": 1650846364558,
    "duration": 3,
    "pid": 4905,
    "index": 70
  },
  {
    "name": "Load \"controller\" to Application",
    "start": 1650846364555,
    "end": 1650846364558,
    "duration": 3,
    "pid": 4905,
    "index": 71
  },
  {
    "name": "Load Router",
    "start": 1650846364558,
    "end": 1650846364560,
    "duration": 2,
    "pid": 4905,
    "index": 72
  },
  {
    "name": "Require(53) app/router.js",
    "start": 1650846364558,
    "end": 1650846364558,
    "duration": 0,
    "pid": 4905,
    "index": 73
  },
  {
    "name": "Before Start in node_modules/egg-core/lib/egg.js:303:10",
    "start": 1650846364559,
    "end": 1650846364577,
    "duration": 18,
    "pid": 4905,
    "index": 74
  },
  {
    "name": "Load \"model\" to Application",
    "start": 1650846364565,
    "end": 1650846364577,
    "duration": 12,
    "pid": 4905,
    "index": 75
  }
]