[
  {
    "name": "Process Start",
    "start": 1650847603753,
    "end": 1650847604614,
    "duration": 861,
    "pid": 10927,
    "index": 0
  },
  {
    "name": "Application Start",
    "start": 1650847604614,
    "end": 1650847605183,
    "duration": 569,
    "pid": 10927,
    "index": 1
  },
  {
    "name": "Load Plugin",
    "start": 1650847604618,
    "end": 1650847604632,
    "duration": 14,
    "pid": 10927,
    "index": 2
  },
  {
    "name": "Load Config",
    "start": 1650847604632,
    "end": 1650847604669,
    "duration": 37,
    "pid": 10927,
    "index": 3
  },
  {
    "name": "Require(0) config/config.default.js",
    "start": 1650847604632,
    "end": 1650847604633,
    "duration": 1,
    "pid": 10927,
    "index": 4
  },
  {
    "name": "Require(1) node_modules/egg-session/config/config.default.js",
    "start": 1650847604636,
    "end": 1650847604638,
    "duration": 2,
    "pid": 10927,
    "index": 5
  },
  {
    "name": "Require(2) node_modules/egg-security/config/config.default.js",
    "start": 1650847604639,
    "end": 1650847604641,
    "duration": 2,
    "pid": 10927,
    "index": 6
  },
  {
    "name": "Require(3) node_modules/egg-jsonp/config/config.default.js",
    "start": 1650847604643,
    "end": 1650847604645,
    "duration": 2,
    "pid": 10927,
    "index": 7
  },
  {
    "name": "Require(4) node_modules/egg-onerror/config/config.default.js",
    "start": 1650847604646,
    "end": 1650847604647,
    "duration": 1,
    "pid": 10927,
    "index": 8
  },
  {
    "name": "Require(5) node_modules/egg-i18n/config/config.default.js",
    "start": 1650847604649,
    "end": 1650847604650,
    "duration": 1,
    "pid": 10927,
    "index": 9
  },
  {
    "name": "Require(6) node_modules/egg-watcher/config/config.default.js",
    "start": 1650847604651,
    "end": 1650847604653,
    "duration": 2,
    "pid": 10927,
    "index": 10
  },
  {
    "name": "Require(7) node_modules/egg-schedule/config/config.default.js",
    "start": 1650847604654,
    "end": 1650847604655,
    "duration": 1,
    "pid": 10927,
    "index": 11
  },
  {
    "name": "Require(8) node_modules/egg-multipart/config/config.default.js",
    "start": 1650847604656,
    "end": 1650847604657,
    "duration": 1,
    "pid": 10927,
    "index": 12
  },
  {
    "name": "Require(9) node_modules/egg-development/config/config.default.js",
    "start": 1650847604657,
    "end": 1650847604658,
    "duration": 1,
    "pid": 10927,
    "index": 13
  },
  {
    "name": "Require(10) node_modules/egg-logrotator/config/config.default.js",
    "start": 1650847604658,
    "end": 1650847604659,
    "duration": 1,
    "pid": 10927,
    "index": 14
  },
  {
    "name": "Require(11) node_modules/egg-static/config/config.default.js",
    "start": 1650847604660,
    "end": 1650847604661,
    "duration": 1,
    "pid": 10927,
    "index": 15
  },
  {
    "name": "Require(12) node_modules/egg-view/config/config.default.js",
    "start": 1650847604661,
    "end": 1650847604662,
    "duration": 1,
    "pid": 10927,
    "index": 16
  },
  {
    "name": "Require(13) node_modules/egg-view-nunjucks/config/config.default.js",
    "start": 1650847604662,
    "end": 1650847604662,
    "duration": 0,
    "pid": 10927,
    "index": 17
  },
  {
    "name": "Require(14) node_modules/egg-mysql/config/config.default.js",
    "start": 1650847604663,
    "end": 1650847604663,
    "duration": 0,
    "pid": 10927,
    "index": 18
  },
  {
    "name": "Require(15) node_modules/egg-mongoose/config/config.default.js",
    "start": 1650847604663,
    "end": 1650847604664,
    "duration": 1,
    "pid": 10927,
    "index": 19
  },
  {
    "name": "Require(16) node_modules/egg/config/config.default.js",
    "start": 1650847604664,
    "end": 1650847604664,
    "duration": 0,
    "pid": 10927,
    "index": 20
  },
  {
    "name": "Require(17) config/config.default.js",
    "start": 1650847604665,
    "end": 1650847604665,
    "duration": 0,
    "pid": 10927,
    "index": 21
  },
  {
    "name": "Require(18) node_modules/egg-security/config/config.local.js",
    "start": 1650847604665,
    "end": 1650847604666,
    "duration": 1,
    "pid": 10927,
    "index": 22
  },
  {
    "name": "Require(19) node_modules/egg-watcher/config/config.local.js",
    "start": 1650847604667,
    "end": 1650847604667,
    "duration": 0,
    "pid": 10927,
    "index": 23
  },
  {
    "name": "Require(20) node_modules/egg-view/config/config.local.js",
    "start": 1650847604668,
    "end": 1650847604668,
    "duration": 0,
    "pid": 10927,
    "index": 24
  },
  {
    "name": "Require(21) node_modules/egg-view-nunjucks/config/config.local.js",
    "start": 1650847604668,
    "end": 1650847604668,
    "duration": 0,
    "pid": 10927,
    "index": 25
  },
  {
    "name": "Require(22) node_modules/egg/config/config.local.js",
    "start": 1650847604668,
    "end": 1650847604669,
    "duration": 1,
    "pid": 10927,
    "index": 26
  },
  {
    "name": "Load extend/application.js",
    "start": 1650847604670,
    "end": 1650847604702,
    "duration": 32,
    "pid": 10927,
    "index": 27
  },
  {
    "name": "Require(23) node_modules/egg-session/app/extend/application.js",
    "start": 1650847604670,
    "end": 1650847604671,
    "duration": 1,
    "pid": 10927,
    "index": 28
  },
  {
    "name": "Require(24) node_modules/egg-security/app/extend/application.js",
    "start": 1650847604673,
    "end": 1650847604675,
    "duration": 2,
    "pid": 10927,
    "index": 29
  },
  {
    "name": "Require(25) node_modules/egg-jsonp/app/extend/application.js",
    "start": 1650847604675,
    "end": 1650847604676,
    "duration": 1,
    "pid": 10927,
    "index": 30
  },
  {
    "name": "Require(26) node_modules/egg-logrotator/app/extend/application.js",
    "start": 1650847604677,
    "end": 1650847604677,
    "duration": 0,
    "pid": 10927,
    "index": 31
  },
  {
    "name": "Require(27) node_modules/egg-view/app/extend/application.js",
    "start": 1650847604677,
    "end": 1650847604680,
    "duration": 3,
    "pid": 10927,
    "index": 32
  },
  {
    "name": "Require(28) node_modules/egg-view-nunjucks/app/extend/application.js",
    "start": 1650847604680,
    "end": 1650847604701,
    "duration": 21,
    "pid": 10927,
    "index": 33
  },
  {
    "name": "Load extend/request.js",
    "start": 1650847604702,
    "end": 1650847604704,
    "duration": 2,
    "pid": 10927,
    "index": 34
  },
  {
    "name": "Require(29) node_modules/egg/app/extend/request.js",
    "start": 1650847604703,
    "end": 1650847604703,
    "duration": 0,
    "pid": 10927,
    "index": 35
  },
  {
    "name": "Load extend/response.js",
    "start": 1650847604704,
    "end": 1650847604706,
    "duration": 2,
    "pid": 10927,
    "index": 36
  },
  {
    "name": "Require(30) node_modules/egg/app/extend/response.js",
    "start": 1650847604704,
    "end": 1650847604705,
    "duration": 1,
    "pid": 10927,
    "index": 37
  },
  {
    "name": "Load extend/context.js",
    "start": 1650847604706,
    "end": 1650847604745,
    "duration": 39,
    "pid": 10927,
    "index": 38
  },
  {
    "name": "Require(31) node_modules/egg-security/app/extend/context.js",
    "start": 1650847604706,
    "end": 1650847604711,
    "duration": 5,
    "pid": 10927,
    "index": 39
  },
  {
    "name": "Require(32) node_modules/egg-jsonp/app/extend/context.js",
    "start": 1650847604711,
    "end": 1650847604712,
    "duration": 1,
    "pid": 10927,
    "index": 40
  },
  {
    "name": "Require(33) node_modules/egg-i18n/app/extend/context.js",
    "start": 1650847604712,
    "end": 1650847604712,
    "duration": 0,
    "pid": 10927,
    "index": 41
  },
  {
    "name": "Require(34) node_modules/egg-multipart/app/extend/context.js",
    "start": 1650847604712,
    "end": 1650847604742,
    "duration": 30,
    "pid": 10927,
    "index": 42
  },
  {
    "name": "Require(35) node_modules/egg-view/app/extend/context.js",
    "start": 1650847604743,
    "end": 1650847604743,
    "duration": 0,
    "pid": 10927,
    "index": 43
  },
  {
    "name": "Require(36) node_modules/egg-mongoose/app/extend/context.js",
    "start": 1650847604743,
    "end": 1650847604744,
    "duration": 1,
    "pid": 10927,
    "index": 44
  },
  {
    "name": "Require(37) node_modules/egg/app/extend/context.js",
    "start": 1650847604744,
    "end": 1650847604744,
    "duration": 0,
    "pid": 10927,
    "index": 45
  },
  {
    "name": "Load extend/helper.js",
    "start": 1650847604745,
    "end": 1650847604756,
    "duration": 11,
    "pid": 10927,
    "index": 46
  },
  {
    "name": "Require(38) node_modules/egg-security/app/extend/helper.js",
    "start": 1650847604745,
    "end": 1650847604754,
    "duration": 9,
    "pid": 10927,
    "index": 47
  },
  {
    "name": "Require(39) node_modules/egg/app/extend/helper.js",
    "start": 1650847604755,
    "end": 1650847604755,
    "duration": 0,
    "pid": 10927,
    "index": 48
  },
  {
    "name": "Load app.js",
    "start": 1650847604756,
    "end": 1650847604792,
    "duration": 36,
    "pid": 10927,
    "index": 49
  },
  {
    "name": "Require(40) node_modules/egg-session/app.js",
    "start": 1650847604756,
    "end": 1650847604756,
    "duration": 0,
    "pid": 10927,
    "index": 50
  },
  {
    "name": "Require(41) node_modules/egg-security/app.js",
    "start": 1650847604756,
    "end": 1650847604757,
    "duration": 1,
    "pid": 10927,
    "index": 51
  },
  {
    "name": "Require(42) node_modules/egg-onerror/app.js",
    "start": 1650847604757,
    "end": 1650847604761,
    "duration": 4,
    "pid": 10927,
    "index": 52
  },
  {
    "name": "Require(43) node_modules/egg-i18n/app.js",
    "start": 1650847604761,
    "end": 1650847604768,
    "duration": 7,
    "pid": 10927,
    "index": 53
  },
  {
    "name": "Require(44) node_modules/egg-watcher/app.js",
    "start": 1650847604768,
    "end": 1650847604770,
    "duration": 2,
    "pid": 10927,
    "index": 54
  },
  {
    "name": "Require(45) node_modules/egg-schedule/app.js",
    "start": 1650847604770,
    "end": 1650847604771,
    "duration": 1,
    "pid": 10927,
    "index": 55
  },
  {
    "name": "Require(46) node_modules/egg-multipart/app.js",
    "start": 1650847604771,
    "end": 1650847604771,
    "duration": 0,
    "pid": 10927,
    "index": 56
  },
  {
    "name": "Require(47) node_modules/egg-development/app.js",
    "start": 1650847604771,
    "end": 1650847604771,
    "duration": 0,
    "pid": 10927,
    "index": 57
  },
  {
    "name": "Require(48) node_modules/egg-logrotator/app.js",
    "start": 1650847604772,
    "end": 1650847604772,
    "duration": 0,
    "pid": 10927,
    "index": 58
  },
  {
    "name": "Require(49) node_modules/egg-static/app.js",
    "start": 1650847604772,
    "end": 1650847604772,
    "duration": 0,
    "pid": 10927,
    "index": 59
  },
  {
    "name": "Require(50) node_modules/egg-view-nunjucks/app.js",
    "start": 1650847604772,
    "end": 1650847604773,
    "duration": 1,
    "pid": 10927,
    "index": 60
  },
  {
    "name": "Require(51) node_modules/egg-mysql/app.js",
    "start": 1650847604773,
    "end": 1650847604791,
    "duration": 18,
    "pid": 10927,
    "index": 61
  },
  {
    "name": "Require(52) node_modules/egg-mongoose/app.js",
    "start": 1650847604791,
    "end": 1650847604791,
    "duration": 0,
    "pid": 10927,
    "index": 62
  },
  {
    "name": "Before Start in node_modules/egg-watcher/lib/init.js:15:14",
    "start": 1650847604797,
    "pid": 10927,
    "index": 63
  },
  {
    "name": "Before Start in node_modules/egg-mongoose/lib/mongoose.js:104:7",
    "start": 1650847605025,
    "pid": 10927,
    "index": 64
  },
  {
    "name": "Before Start in node_modules/egg-mongoose/lib/mongoose.js:52:9",
    "start": 1650847605025,
    "end": 1650847605174,
    "duration": 149,
    "pid": 10927,
    "index": 65
  },
  {
    "name": "Load Service",
    "start": 1650847605025,
    "end": 1650847605029,
    "duration": 4,
    "pid": 10927,
    "index": 66
  },
  {
    "name": "Load \"service\" to Context",
    "start": 1650847605025,
    "end": 1650847605029,
    "duration": 4,
    "pid": 10927,
    "index": 67
  },
  {
    "name": "Load Middleware",
    "start": 1650847605029,
    "end": 1650847605122,
    "duration": 93,
    "pid": 10927,
    "index": 68
  },
  {
    "name": "Load \"middlewares\" to Application",
    "start": 1650847605029,
    "end": 1650847605104,
    "duration": 75,
    "pid": 10927,
    "index": 69
  },
  {
    "name": "Load Controller",
    "start": 1650847605122,
    "end": 1650847605130,
    "duration": 8,
    "pid": 10927,
    "index": 70
  },
  {
    "name": "Load \"controller\" to Application",
    "start": 1650847605122,
    "end": 1650847605130,
    "duration": 8,
    "pid": 10927,
    "index": 71
  },
  {
    "name": "Load Router",
    "start": 1650847605130,
    "end": 1650847605134,
    "duration": 4,
    "pid": 10927,
    "index": 72
  },
  {
    "name": "Require(53) app/router.js",
    "start": 1650847605131,
    "end": 1650847605132,
    "duration": 1,
    "pid": 10927,
    "index": 73
  },
  {
    "name": "Before Start in node_modules/egg-core/lib/egg.js:303:10",
    "start": 1650847605132,
    "end": 1650847605175,
    "duration": 43,
    "pid": 10927,
    "index": 74
  },
  {
    "name": "Load \"model\" to Application",
    "start": 1650847605144,
    "pid": 10927,
    "index": 75
  }
]