[
  {
    "name": "Process Start",
    "start": 1650850094708,
    "end": 1650850095517,
    "duration": 809,
    "pid": 23229,
    "index": 0
  },
  {
    "name": "Application Start",
    "start": 1650850095517,
    "end": 1650850096582,
    "duration": 1065,
    "pid": 23229,
    "index": 1
  },
  {
    "name": "Load Plugin",
    "start": 1650850095521,
    "end": 1650850095533,
    "duration": 12,
    "pid": 23229,
    "index": 2
  },
  {
    "name": "Load Config",
    "start": 1650850095533,
    "end": 1650850095553,
    "duration": 20,
    "pid": 23229,
    "index": 3
  },
  {
    "name": "Require(0) config/config.default.js",
    "start": 1650850095533,
    "end": 1650850095534,
    "duration": 1,
    "pid": 23229,
    "index": 4
  },
  {
    "name": "Require(1) node_modules/egg-session/config/config.default.js",
    "start": 1650850095535,
    "end": 1650850095536,
    "duration": 1,
    "pid": 23229,
    "index": 5
  },
  {
    "name": "Require(2) node_modules/egg-security/config/config.default.js",
    "start": 1650850095536,
    "end": 1650850095537,
    "duration": 1,
    "pid": 23229,
    "index": 6
  },
  {
    "name": "Require(3) node_modules/egg-jsonp/config/config.default.js",
    "start": 1650850095538,
    "end": 1650850095539,
    "duration": 1,
    "pid": 23229,
    "index": 7
  },
  {
    "name": "Require(4) node_modules/egg-onerror/config/config.default.js",
    "start": 1650850095539,
    "end": 1650850095539,
    "duration": 0,
    "pid": 23229,
    "index": 8
  },
  {
    "name": "Require(5) node_modules/egg-i18n/config/config.default.js",
    "start": 1650850095540,
    "end": 1650850095540,
    "duration": 0,
    "pid": 23229,
    "index": 9
  },
  {
    "name": "Require(6) node_modules/egg-watcher/config/config.default.js",
    "start": 1650850095541,
    "end": 1650850095541,
    "duration": 0,
    "pid": 23229,
    "index": 10
  },
  {
    "name": "Require(7) node_modules/egg-schedule/config/config.default.js",
    "start": 1650850095542,
    "end": 1650850095542,
    "duration": 0,
    "pid": 23229,
    "index": 11
  },
  {
    "name": "Require(8) node_modules/egg-multipart/config/config.default.js",
    "start": 1650850095543,
    "end": 1650850095543,
    "duration": 0,
    "pid": 23229,
    "index": 12
  },
  {
    "name": "Require(9) node_modules/egg-development/config/config.default.js",
    "start": 1650850095544,
    "end": 1650850095544,
    "duration": 0,
    "pid": 23229,
    "index": 13
  },
  {
    "name": "Require(10) node_modules/egg-logrotator/config/config.default.js",
    "start": 1650850095544,
    "end": 1650850095545,
    "duration": 1,
    "pid": 23229,
    "index": 14
  },
  {
    "name": "Require(11) node_modules/egg-static/config/config.default.js",
    "start": 1650850095545,
    "end": 1650850095545,
    "duration": 0,
    "pid": 23229,
    "index": 15
  },
  {
    "name": "Require(12) node_modules/egg-view/config/config.default.js",
    "start": 1650850095546,
    "end": 1650850095546,
    "duration": 0,
    "pid": 23229,
    "index": 16
  },
  {
    "name": "Require(13) node_modules/egg-view-nunjucks/config/config.default.js",
    "start": 1650850095546,
    "end": 1650850095547,
    "duration": 1,
    "pid": 23229,
    "index": 17
  },
  {
    "name": "Require(14) node_modules/egg-mysql/config/config.default.js",
    "start": 1650850095547,
    "end": 1650850095547,
    "duration": 0,
    "pid": 23229,
    "index": 18
  },
  {
    "name": "Require(15) node_modules/egg-mongoose/config/config.default.js",
    "start": 1650850095548,
    "end": 1650850095548,
    "duration": 0,
    "pid": 23229,
    "index": 19
  },
  {
    "name": "Require(16) node_modules/egg/config/config.default.js",
    "start": 1650850095548,
    "end": 1650850095548,
    "duration": 0,
    "pid": 23229,
    "index": 20
  },
  {
    "name": "Require(17) config/config.default.js",
    "start": 1650850095549,
    "end": 1650850095549,
    "duration": 0,
    "pid": 23229,
    "index": 21
  },
  {
    "name": "Require(18) node_modules/egg-security/config/config.local.js",
    "start": 1650850095550,
    "end": 1650850095550,
    "duration": 0,
    "pid": 23229,
    "index": 22
  },
  {
    "name": "Require(19) node_modules/egg-watcher/config/config.local.js",
    "start": 1650850095551,
    "end": 1650850095551,
    "duration": 0,
    "pid": 23229,
    "index": 23
  },
  {
    "name": "Require(20) node_modules/egg-view/config/config.local.js",
    "start": 1650850095551,
    "end": 1650850095552,
    "duration": 1,
    "pid": 23229,
    "index": 24
  },
  {
    "name": "Require(21) node_modules/egg-view-nunjucks/config/config.local.js",
    "start": 1650850095552,
    "end": 1650850095552,
    "duration": 0,
    "pid": 23229,
    "index": 25
  },
  {
    "name": "Require(22) node_modules/egg/config/config.local.js",
    "start": 1650850095552,
    "end": 1650850095553,
    "duration": 1,
    "pid": 23229,
    "index": 26
  },
  {
    "name": "Load extend/application.js",
    "start": 1650850095553,
    "end": 1650850095579,
    "duration": 26,
    "pid": 23229,
    "index": 27
  },
  {
    "name": "Require(23) node_modules/egg-session/app/extend/application.js",
    "start": 1650850095554,
    "end": 1650850095554,
    "duration": 0,
    "pid": 23229,
    "index": 28
  },
  {
    "name": "Require(24) node_modules/egg-security/app/extend/application.js",
    "start": 1650850095555,
    "end": 1650850095558,
    "duration": 3,
    "pid": 23229,
    "index": 29
  },
  {
    "name": "Require(25) node_modules/egg-jsonp/app/extend/application.js",
    "start": 1650850095558,
    "end": 1650850095559,
    "duration": 1,
    "pid": 23229,
    "index": 30
  },
  {
    "name": "Require(26) node_modules/egg-logrotator/app/extend/application.js",
    "start": 1650850095559,
    "end": 1650850095560,
    "duration": 1,
    "pid": 23229,
    "index": 31
  },
  {
    "name": "Require(27) node_modules/egg-view/app/extend/application.js",
    "start": 1650850095560,
    "end": 1650850095561,
    "duration": 1,
    "pid": 23229,
    "index": 32
  },
  {
    "name": "Require(28) node_modules/egg-view-nunjucks/app/extend/application.js",
    "start": 1650850095561,
    "end": 1650850095579,
    "duration": 18,
    "pid": 23229,
    "index": 33
  },
  {
    "name": "Load extend/request.js",
    "start": 1650850095579,
    "end": 1650850095581,
    "duration": 2,
    "pid": 23229,
    "index": 34
  },
  {
    "name": "Require(29) node_modules/egg/app/extend/request.js",
    "start": 1650850095580,
    "end": 1650850095581,
    "duration": 1,
    "pid": 23229,
    "index": 35
  },
  {
    "name": "Load extend/response.js",
    "start": 1650850095581,
    "end": 1650850095583,
    "duration": 2,
    "pid": 23229,
    "index": 36
  },
  {
    "name": "Require(30) node_modules/egg/app/extend/response.js",
    "start": 1650850095582,
    "end": 1650850095583,
    "duration": 1,
    "pid": 23229,
    "index": 37
  },
  {
    "name": "Load extend/context.js",
    "start": 1650850095583,
    "end": 1650850095644,
    "duration": 61,
    "pid": 23229,
    "index": 38
  },
  {
    "name": "Require(31) node_modules/egg-security/app/extend/context.js",
    "start": 1650850095583,
    "end": 1650850095588,
    "duration": 5,
    "pid": 23229,
    "index": 39
  },
  {
    "name": "Require(32) node_modules/egg-jsonp/app/extend/context.js",
    "start": 1650850095588,
    "end": 1650850095589,
    "duration": 1,
    "pid": 23229,
    "index": 40
  },
  {
    "name": "Require(33) node_modules/egg-i18n/app/extend/context.js",
    "start": 1650850095589,
    "end": 1650850095589,
    "duration": 0,
    "pid": 23229,
    "index": 41
  },
  {
    "name": "Require(34) node_modules/egg-multipart/app/extend/context.js",
    "start": 1650850095589,
    "end": 1650850095641,
    "duration": 52,
    "pid": 23229,
    "index": 42
  },
  {
    "name": "Require(35) node_modules/egg-view/app/extend/context.js",
    "start": 1650850095642,
    "end": 1650850095642,
    "duration": 0,
    "pid": 23229,
    "index": 43
  },
  {
    "name": "Require(36) node_modules/egg-mongoose/app/extend/context.js",
    "start": 1650850095643,
    "end": 1650850095643,
    "duration": 0,
    "pid": 23229,
    "index": 44
  },
  {
    "name": "Require(37) node_modules/egg/app/extend/context.js",
    "start": 1650850095643,
    "end": 1650850095643,
    "duration": 0,
    "pid": 23229,
    "index": 45
  },
  {
    "name": "Load extend/helper.js",
    "start": 1650850095644,
    "end": 1650850095656,
    "duration": 12,
    "pid": 23229,
    "index": 46
  },
  {
    "name": "Require(38) node_modules/egg-security/app/extend/helper.js",
    "start": 1650850095644,
    "end": 1650850095655,
    "duration": 11,
    "pid": 23229,
    "index": 47
  },
  {
    "name": "Require(39) node_modules/egg/app/extend/helper.js",
    "start": 1650850095656,
    "end": 1650850095656,
    "duration": 0,
    "pid": 23229,
    "index": 48
  },
  {
    "name": "Load app.js",
    "start": 1650850095657,
    "end": 1650850095683,
    "duration": 26,
    "pid": 23229,
    "index": 49
  },
  {
    "name": "Require(40) node_modules/egg-session/app.js",
    "start": 1650850095657,
    "end": 1650850095657,
    "duration": 0,
    "pid": 23229,
    "index": 50
  },
  {
    "name": "Require(41) node_modules/egg-security/app.js",
    "start": 1650850095657,
    "end": 1650850095658,
    "duration": 1,
    "pid": 23229,
    "index": 51
  },
  {
    "name": "Require(42) node_modules/egg-onerror/app.js",
    "start": 1650850095658,
    "end": 1650850095662,
    "duration": 4,
    "pid": 23229,
    "index": 52
  },
  {
    "name": "Require(43) node_modules/egg-i18n/app.js",
    "start": 1650850095662,
    "end": 1650850095669,
    "duration": 7,
    "pid": 23229,
    "index": 53
  },
  {
    "name": "Require(44) node_modules/egg-watcher/app.js",
    "start": 1650850095669,
    "end": 1650850095671,
    "duration": 2,
    "pid": 23229,
    "index": 54
  },
  {
    "name": "Require(45) node_modules/egg-schedule/app.js",
    "start": 1650850095671,
    "end": 1650850095671,
    "duration": 0,
    "pid": 23229,
    "index": 55
  },
  {
    "name": "Require(46) node_modules/egg-multipart/app.js",
    "start": 1650850095671,
    "end": 1650850095672,
    "duration": 1,
    "pid": 23229,
    "index": 56
  },
  {
    "name": "Require(47) node_modules/egg-development/app.js",
    "start": 1650850095672,
    "end": 1650850095672,
    "duration": 0,
    "pid": 23229,
    "index": 57
  },
  {
    "name": "Require(48) node_modules/egg-logrotator/app.js",
    "start": 1650850095672,
    "end": 1650850095672,
    "duration": 0,
    "pid": 23229,
    "index": 58
  },
  {
    "name": "Require(49) node_modules/egg-static/app.js",
    "start": 1650850095672,
    "end": 1650850095673,
    "duration": 1,
    "pid": 23229,
    "index": 59
  },
  {
    "name": "Require(50) node_modules/egg-view-nunjucks/app.js",
    "start": 1650850095673,
    "end": 1650850095673,
    "duration": 0,
    "pid": 23229,
    "index": 60
  },
  {
    "name": "Require(51) node_modules/egg-mysql/app.js",
    "start": 1650850095673,
    "end": 1650850095683,
    "duration": 10,
    "pid": 23229,
    "index": 61
  },
  {
    "name": "Require(52) node_modules/egg-mongoose/app.js",
    "start": 1650850095683,
    "end": 1650850095683,
    "duration": 0,
    "pid": 23229,
    "index": 62
  },
  {
    "name": "Before Start in node_modules/egg-watcher/lib/init.js:15:14",
    "start": 1650850095689,
    "end": 1650850096040,
    "duration": 351,
    "pid": 23229,
    "index": 63
  },
  {
    "name": "Before Start in node_modules/egg-mongoose/lib/mongoose.js:104:7",
    "start": 1650850095907,
    "end": 1650850096582,
    "duration": 675,
    "pid": 23229,
    "index": 64
  },
  {
    "name": "Before Start in node_modules/egg-mongoose/lib/mongoose.js:52:9",
    "start": 1650850095907,
    "end": 1650850096029,
    "duration": 122,
    "pid": 23229,
    "index": 65
  },
  {
    "name": "Load Service",
    "start": 1650850095907,
    "end": 1650850095910,
    "duration": 3,
    "pid": 23229,
    "index": 66
  },
  {
    "name": "Load \"service\" to Context",
    "start": 1650850095907,
    "end": 1650850095910,
    "duration": 3,
    "pid": 23229,
    "index": 67
  },
  {
    "name": "Load Middleware",
    "start": 1650850095911,
    "end": 1650850095995,
    "duration": 84,
    "pid": 23229,
    "index": 68
  },
  {
    "name": "Load \"middlewares\" to Application",
    "start": 1650850095911,
    "end": 1650850095983,
    "duration": 72,
    "pid": 23229,
    "index": 69
  },
  {
    "name": "Load Controller",
    "start": 1650850095995,
    "end": 1650850096000,
    "duration": 5,
    "pid": 23229,
    "index": 70
  },
  {
    "name": "Load \"controller\" to Application",
    "start": 1650850095995,
    "end": 1650850096000,
    "duration": 5,
    "pid": 23229,
    "index": 71
  },
  {
    "name": "Load Router",
    "start": 1650850096000,
    "end": 1650850096002,
    "duration": 2,
    "pid": 23229,
    "index": 72
  },
  {
    "name": "Require(53) app/router.js",
    "start": 1650850096000,
    "end": 1650850096000,
    "duration": 0,
    "pid": 23229,
    "index": 73
  },
  {
    "name": "Before Start in node_modules/egg-core/lib/egg.js:303:10",
    "start": 1650850096000,
    "end": 1650850096029,
    "duration": 29,
    "pid": 23229,
    "index": 74
  },
  {
    "name": "Load \"model\" to Application",
    "start": 1650850096011,
    "end": 1650850096028,
    "duration": 17,
    "pid": 23229,
    "index": 75
  }
]