[
  {
    "name": "Process Start",
    "start": 1650847611507,
    "end": 1650847612075,
    "duration": 568,
    "pid": 10969,
    "index": 0
  },
  {
    "name": "Application Start",
    "start": 1650847612076,
    "end": 1650847613057,
    "duration": 981,
    "pid": 10969,
    "index": 1
  },
  {
    "name": "Load Plugin",
    "start": 1650847612079,
    "end": 1650847612087,
    "duration": 8,
    "pid": 10969,
    "index": 2
  },
  {
    "name": "Load Config",
    "start": 1650847612087,
    "end": 1650847612101,
    "duration": 14,
    "pid": 10969,
    "index": 3
  },
  {
    "name": "Require(0) config/config.default.js",
    "start": 1650847612087,
    "end": 1650847612088,
    "duration": 1,
    "pid": 10969,
    "index": 4
  },
  {
    "name": "Require(1) node_modules/egg-session/config/config.default.js",
    "start": 1650847612089,
    "end": 1650847612090,
    "duration": 1,
    "pid": 10969,
    "index": 5
  },
  {
    "name": "Require(2) node_modules/egg-security/config/config.default.js",
    "start": 1650847612090,
    "end": 1650847612090,
    "duration": 0,
    "pid": 10969,
    "index": 6
  },
  {
    "name": "Require(3) node_modules/egg-jsonp/config/config.default.js",
    "start": 1650847612091,
    "end": 1650847612092,
    "duration": 1,
    "pid": 10969,
    "index": 7
  },
  {
    "name": "Require(4) node_modules/egg-onerror/config/config.default.js",
    "start": 1650847612092,
    "end": 1650847612093,
    "duration": 1,
    "pid": 10969,
    "index": 8
  },
  {
    "name": "Require(5) node_modules/egg-i18n/config/config.default.js",
    "start": 1650847612093,
    "end": 1650847612093,
    "duration": 0,
    "pid": 10969,
    "index": 9
  },
  {
    "name": "Require(6) node_modules/egg-watcher/config/config.default.js",
    "start": 1650847612093,
    "end": 1650847612094,
    "duration": 1,
    "pid": 10969,
    "index": 10
  },
  {
    "name": "Require(7) node_modules/egg-schedule/config/config.default.js",
    "start": 1650847612094,
    "end": 1650847612094,
    "duration": 0,
    "pid": 10969,
    "index": 11
  },
  {
    "name": "Require(8) node_modules/egg-multipart/config/config.default.js",
    "start": 1650847612094,
    "end": 1650847612094,
    "duration": 0,
    "pid": 10969,
    "index": 12
  },
  {
    "name": "Require(9) node_modules/egg-development/config/config.default.js",
    "start": 1650847612095,
    "end": 1650847612095,
    "duration": 0,
    "pid": 10969,
    "index": 13
  },
  {
    "name": "Require(10) node_modules/egg-logrotator/config/config.default.js",
    "start": 1650847612095,
    "end": 1650847612095,
    "duration": 0,
    "pid": 10969,
    "index": 14
  },
  {
    "name": "Require(11) node_modules/egg-static/config/config.default.js",
    "start": 1650847612095,
    "end": 1650847612096,
    "duration": 1,
    "pid": 10969,
    "index": 15
  },
  {
    "name": "Require(12) node_modules/egg-view/config/config.default.js",
    "start": 1650847612096,
    "end": 1650847612096,
    "duration": 0,
    "pid": 10969,
    "index": 16
  },
  {
    "name": "Require(13) node_modules/egg-view-nunjucks/config/config.default.js",
    "start": 1650847612096,
    "end": 1650847612096,
    "duration": 0,
    "pid": 10969,
    "index": 17
  },
  {
    "name": "Require(14) node_modules/egg-mysql/config/config.default.js",
    "start": 1650847612096,
    "end": 1650847612097,
    "duration": 1,
    "pid": 10969,
    "index": 18
  },
  {
    "name": "Require(15) node_modules/egg-mongoose/config/config.default.js",
    "start": 1650847612097,
    "end": 1650847612097,
    "duration": 0,
    "pid": 10969,
    "index": 19
  },
  {
    "name": "Require(16) node_modules/egg/config/config.default.js",
    "start": 1650847612097,
    "end": 1650847612097,
    "duration": 0,
    "pid": 10969,
    "index": 20
  },
  {
    "name": "Require(17) config/config.default.js",
    "start": 1650847612098,
    "end": 1650847612098,
    "duration": 0,
    "pid": 10969,
    "index": 21
  },
  {
    "name": "Require(18) node_modules/egg-security/config/config.local.js",
    "start": 1650847612099,
    "end": 1650847612099,
    "duration": 0,
    "pid": 10969,
    "index": 22
  },
  {
    "name": "Require(19) node_modules/egg-watcher/config/config.local.js",
    "start": 1650847612100,
    "end": 1650847612100,
    "duration": 0,
    "pid": 10969,
    "index": 23
  },
  {
    "name": "Require(20) node_modules/egg-view/config/config.local.js",
    "start": 1650847612100,
    "end": 1650847612100,
    "duration": 0,
    "pid": 10969,
    "index": 24
  },
  {
    "name": "Require(21) node_modules/egg-view-nunjucks/config/config.local.js",
    "start": 1650847612101,
    "end": 1650847612101,
    "duration": 0,
    "pid": 10969,
    "index": 25
  },
  {
    "name": "Require(22) node_modules/egg/config/config.local.js",
    "start": 1650847612101,
    "end": 1650847612101,
    "duration": 0,
    "pid": 10969,
    "index": 26
  },
  {
    "name": "Load extend/application.js",
    "start": 1650847612102,
    "end": 1650847612125,
    "duration": 23,
    "pid": 10969,
    "index": 27
  },
  {
    "name": "Require(23) node_modules/egg-session/app/extend/application.js",
    "start": 1650847612102,
    "end": 1650847612103,
    "duration": 1,
    "pid": 10969,
    "index": 28
  },
  {
    "name": "Require(24) node_modules/egg-security/app/extend/application.js",
    "start": 1650847612103,
    "end": 1650847612106,
    "duration": 3,
    "pid": 10969,
    "index": 29
  },
  {
    "name": "Require(25) node_modules/egg-jsonp/app/extend/application.js",
    "start": 1650847612106,
    "end": 1650847612108,
    "duration": 2,
    "pid": 10969,
    "index": 30
  },
  {
    "name": "Require(26) node_modules/egg-logrotator/app/extend/application.js",
    "start": 1650847612108,
    "end": 1650847612110,
    "duration": 2,
    "pid": 10969,
    "index": 31
  },
  {
    "name": "Require(27) node_modules/egg-view/app/extend/application.js",
    "start": 1650847612110,
    "end": 1650847612111,
    "duration": 1,
    "pid": 10969,
    "index": 32
  },
  {
    "name": "Require(28) node_modules/egg-view-nunjucks/app/extend/application.js",
    "start": 1650847612111,
    "end": 1650847612124,
    "duration": 13,
    "pid": 10969,
    "index": 33
  },
  {
    "name": "Load extend/request.js",
    "start": 1650847612125,
    "end": 1650847612127,
    "duration": 2,
    "pid": 10969,
    "index": 34
  },
  {
    "name": "Require(29) node_modules/egg/app/extend/request.js",
    "start": 1650847612126,
    "end": 1650847612126,
    "duration": 0,
    "pid": 10969,
    "index": 35
  },
  {
    "name": "Load extend/response.js",
    "start": 1650847612127,
    "end": 1650847612129,
    "duration": 2,
    "pid": 10969,
    "index": 36
  },
  {
    "name": "Require(30) node_modules/egg/app/extend/response.js",
    "start": 1650847612127,
    "end": 1650847612128,
    "duration": 1,
    "pid": 10969,
    "index": 37
  },
  {
    "name": "Load extend/context.js",
    "start": 1650847612129,
    "end": 1650847612162,
    "duration": 33,
    "pid": 10969,
    "index": 38
  },
  {
    "name": "Require(31) node_modules/egg-security/app/extend/context.js",
    "start": 1650847612129,
    "end": 1650847612132,
    "duration": 3,
    "pid": 10969,
    "index": 39
  },
  {
    "name": "Require(32) node_modules/egg-jsonp/app/extend/context.js",
    "start": 1650847612133,
    "end": 1650847612133,
    "duration": 0,
    "pid": 10969,
    "index": 40
  },
  {
    "name": "Require(33) node_modules/egg-i18n/app/extend/context.js",
    "start": 1650847612133,
    "end": 1650847612134,
    "duration": 1,
    "pid": 10969,
    "index": 41
  },
  {
    "name": "Require(34) node_modules/egg-multipart/app/extend/context.js",
    "start": 1650847612134,
    "end": 1650847612160,
    "duration": 26,
    "pid": 10969,
    "index": 42
  },
  {
    "name": "Require(35) node_modules/egg-view/app/extend/context.js",
    "start": 1650847612160,
    "end": 1650847612161,
    "duration": 1,
    "pid": 10969,
    "index": 43
  },
  {
    "name": "Require(36) node_modules/egg-mongoose/app/extend/context.js",
    "start": 1650847612161,
    "end": 1650847612161,
    "duration": 0,
    "pid": 10969,
    "index": 44
  },
  {
    "name": "Require(37) node_modules/egg/app/extend/context.js",
    "start": 1650847612161,
    "end": 1650847612162,
    "duration": 1,
    "pid": 10969,
    "index": 45
  },
  {
    "name": "Load extend/helper.js",
    "start": 1650847612162,
    "end": 1650847612176,
    "duration": 14,
    "pid": 10969,
    "index": 46
  },
  {
    "name": "Require(38) node_modules/egg-security/app/extend/helper.js",
    "start": 1650847612162,
    "end": 1650847612174,
    "duration": 12,
    "pid": 10969,
    "index": 47
  },
  {
    "name": "Require(39) node_modules/egg/app/extend/helper.js",
    "start": 1650847612175,
    "end": 1650847612175,
    "duration": 0,
    "pid": 10969,
    "index": 48
  },
  {
    "name": "Load app.js",
    "start": 1650847612176,
    "end": 1650847612198,
    "duration": 22,
    "pid": 10969,
    "index": 49
  },
  {
    "name": "Require(40) node_modules/egg-session/app.js",
    "start": 1650847612176,
    "end": 1650847612176,
    "duration": 0,
    "pid": 10969,
    "index": 50
  },
  {
    "name": "Require(41) node_modules/egg-security/app.js",
    "start": 1650847612177,
    "end": 1650847612177,
    "duration": 0,
    "pid": 10969,
    "index": 51
  },
  {
    "name": "Require(42) node_modules/egg-onerror/app.js",
    "start": 1650847612177,
    "end": 1650847612180,
    "duration": 3,
    "pid": 10969,
    "index": 52
  },
  {
    "name": "Require(43) node_modules/egg-i18n/app.js",
    "start": 1650847612181,
    "end": 1650847612186,
    "duration": 5,
    "pid": 10969,
    "index": 53
  },
  {
    "name": "Require(44) node_modules/egg-watcher/app.js",
    "start": 1650847612186,
    "end": 1650847612188,
    "duration": 2,
    "pid": 10969,
    "index": 54
  },
  {
    "name": "Require(45) node_modules/egg-schedule/app.js",
    "start": 1650847612188,
    "end": 1650847612188,
    "duration": 0,
    "pid": 10969,
    "index": 55
  },
  {
    "name": "Require(46) node_modules/egg-multipart/app.js",
    "start": 1650847612188,
    "end": 1650847612189,
    "duration": 1,
    "pid": 10969,
    "index": 56
  },
  {
    "name": "Require(47) node_modules/egg-development/app.js",
    "start": 1650847612189,
    "end": 1650847612189,
    "duration": 0,
    "pid": 10969,
    "index": 57
  },
  {
    "name": "Require(48) node_modules/egg-logrotator/app.js",
    "start": 1650847612189,
    "end": 1650847612189,
    "duration": 0,
    "pid": 10969,
    "index": 58
  },
  {
    "name": "Require(49) node_modules/egg-static/app.js",
    "start": 1650847612189,
    "end": 1650847612189,
    "duration": 0,
    "pid": 10969,
    "index": 59
  },
  {
    "name": "Require(50) node_modules/egg-view-nunjucks/app.js",
    "start": 1650847612189,
    "end": 1650847612190,
    "duration": 1,
    "pid": 10969,
    "index": 60
  },
  {
    "name": "Require(51) node_modules/egg-mysql/app.js",
    "start": 1650847612190,
    "end": 1650847612197,
    "duration": 7,
    "pid": 10969,
    "index": 61
  },
  {
    "name": "Require(52) node_modules/egg-mongoose/app.js",
    "start": 1650847612197,
    "end": 1650847612198,
    "duration": 1,
    "pid": 10969,
    "index": 62
  },
  {
    "name": "Before Start in node_modules/egg-watcher/lib/init.js:15:14",
    "start": 1650847612203,
    "end": 1650847612511,
    "duration": 308,
    "pid": 10969,
    "index": 63
  },
  {
    "name": "Before Start in node_modules/egg-mongoose/lib/mongoose.js:104:7",
    "start": 1650847612406,
    "end": 1650847613056,
    "duration": 650,
    "pid": 10969,
    "index": 64
  },
  {
    "name": "Before Start in node_modules/egg-mongoose/lib/mongoose.js:52:9",
    "start": 1650847612407,
    "end": 1650847612505,
    "duration": 98,
    "pid": 10969,
    "index": 65
  },
  {
    "name": "Load Service",
    "start": 1650847612407,
    "end": 1650847612410,
    "duration": 3,
    "pid": 10969,
    "index": 66
  },
  {
    "name": "Load \"service\" to Context",
    "start": 1650847612407,
    "end": 1650847612410,
    "duration": 3,
    "pid": 10969,
    "index": 67
  },
  {
    "name": "Load Middleware",
    "start": 1650847612410,
    "end": 1650847612473,
    "duration": 63,
    "pid": 10969,
    "index": 68
  },
  {
    "name": "Load \"middlewares\" to Application",
    "start": 1650847612410,
    "end": 1650847612461,
    "duration": 51,
    "pid": 10969,
    "index": 69
  },
  {
    "name": "Load Controller",
    "start": 1650847612473,
    "end": 1650847612476,
    "duration": 3,
    "pid": 10969,
    "index": 70
  },
  {
    "name": "Load \"controller\" to Application",
    "start": 1650847612473,
    "end": 1650847612476,
    "duration": 3,
    "pid": 10969,
    "index": 71
  },
  {
    "name": "Load Router",
    "start": 1650847612476,
    "end": 1650847612478,
    "duration": 2,
    "pid": 10969,
    "index": 72
  },
  {
    "name": "Require(53) app/router.js",
    "start": 1650847612476,
    "end": 1650847612476,
    "duration": 0,
    "pid": 10969,
    "index": 73
  },
  {
    "name": "Before Start in node_modules/egg-core/lib/egg.js:303:10",
    "start": 1650847612477,
    "end": 1650847612505,
    "duration": 28,
    "pid": 10969,
    "index": 74
  },
  {
    "name": "Load \"model\" to Application",
    "start": 1650847612483,
    "end": 1650847612505,
    "duration": 22,
    "pid": 10969,
    "index": 75
  }
]