[
  {
    "name": "Process Start",
    "start": 1650848181629,
    "end": 1650848182563,
    "duration": 934,
    "pid": 13903,
    "index": 0
  },
  {
    "name": "Application Start",
    "start": 1650848182563,
    "end": 1650848183593,
    "duration": 1030,
    "pid": 13903,
    "index": 1
  },
  {
    "name": "Load Plugin",
    "start": 1650848182569,
    "end": 1650848182584,
    "duration": 15,
    "pid": 13903,
    "index": 2
  },
  {
    "name": "Load Config",
    "start": 1650848182584,
    "end": 1650848182627,
    "duration": 43,
    "pid": 13903,
    "index": 3
  },
  {
    "name": "Require(0) config/config.default.js",
    "start": 1650848182585,
    "end": 1650848182586,
    "duration": 1,
    "pid": 13903,
    "index": 4
  },
  {
    "name": "Require(1) node_modules/egg-session/config/config.default.js",
    "start": 1650848182588,
    "end": 1650848182590,
    "duration": 2,
    "pid": 13903,
    "index": 5
  },
  {
    "name": "Require(2) node_modules/egg-security/config/config.default.js",
    "start": 1650848182590,
    "end": 1650848182590,
    "duration": 0,
    "pid": 13903,
    "index": 6
  },
  {
    "name": "Require(3) node_modules/egg-jsonp/config/config.default.js",
    "start": 1650848182593,
    "end": 1650848182593,
    "duration": 0,
    "pid": 13903,
    "index": 7
  },
  {
    "name": "Require(4) node_modules/egg-onerror/config/config.default.js",
    "start": 1650848182594,
    "end": 1650848182594,
    "duration": 0,
    "pid": 13903,
    "index": 8
  },
  {
    "name": "Require(5) node_modules/egg-i18n/config/config.default.js",
    "start": 1650848182594,
    "end": 1650848182594,
    "duration": 0,
    "pid": 13903,
    "index": 9
  },
  {
    "name": "Require(6) node_modules/egg-watcher/config/config.default.js",
    "start": 1650848182595,
    "end": 1650848182595,
    "duration": 0,
    "pid": 13903,
    "index": 10
  },
  {
    "name": "Require(7) node_modules/egg-schedule/config/config.default.js",
    "start": 1650848182596,
    "end": 1650848182596,
    "duration": 0,
    "pid": 13903,
    "index": 11
  },
  {
    "name": "Require(8) node_modules/egg-multipart/config/config.default.js",
    "start": 1650848182596,
    "end": 1650848182597,
    "duration": 1,
    "pid": 13903,
    "index": 12
  },
  {
    "name": "Require(9) node_modules/egg-development/config/config.default.js",
    "start": 1650848182597,
    "end": 1650848182599,
    "duration": 2,
    "pid": 13903,
    "index": 13
  },
  {
    "name": "Require(10) node_modules/egg-logrotator/config/config.default.js",
    "start": 1650848182599,
    "end": 1650848182602,
    "duration": 3,
    "pid": 13903,
    "index": 14
  },
  {
    "name": "Require(11) node_modules/egg-static/config/config.default.js",
    "start": 1650848182602,
    "end": 1650848182607,
    "duration": 5,
    "pid": 13903,
    "index": 15
  },
  {
    "name": "Require(12) node_modules/egg-view/config/config.default.js",
    "start": 1650848182607,
    "end": 1650848182608,
    "duration": 1,
    "pid": 13903,
    "index": 16
  },
  {
    "name": "Require(13) node_modules/egg-view-nunjucks/config/config.default.js",
    "start": 1650848182609,
    "end": 1650848182610,
    "duration": 1,
    "pid": 13903,
    "index": 17
  },
  {
    "name": "Require(14) node_modules/egg-mysql/config/config.default.js",
    "start": 1650848182610,
    "end": 1650848182611,
    "duration": 1,
    "pid": 13903,
    "index": 18
  },
  {
    "name": "Require(15) node_modules/egg-mongoose/config/config.default.js",
    "start": 1650848182611,
    "end": 1650848182612,
    "duration": 1,
    "pid": 13903,
    "index": 19
  },
  {
    "name": "Require(16) node_modules/egg/config/config.default.js",
    "start": 1650848182612,
    "end": 1650848182613,
    "duration": 1,
    "pid": 13903,
    "index": 20
  },
  {
    "name": "Require(17) config/config.default.js",
    "start": 1650848182615,
    "end": 1650848182615,
    "duration": 0,
    "pid": 13903,
    "index": 21
  },
  {
    "name": "Require(18) node_modules/egg-security/config/config.local.js",
    "start": 1650848182616,
    "end": 1650848182616,
    "duration": 0,
    "pid": 13903,
    "index": 22
  },
  {
    "name": "Require(19) node_modules/egg-watcher/config/config.local.js",
    "start": 1650848182618,
    "end": 1650848182620,
    "duration": 2,
    "pid": 13903,
    "index": 23
  },
  {
    "name": "Require(20) node_modules/egg-view/config/config.local.js",
    "start": 1650848182623,
    "end": 1650848182624,
    "duration": 1,
    "pid": 13903,
    "index": 24
  },
  {
    "name": "Require(21) node_modules/egg-view-nunjucks/config/config.local.js",
    "start": 1650848182624,
    "end": 1650848182624,
    "duration": 0,
    "pid": 13903,
    "index": 25
  },
  {
    "name": "Require(22) node_modules/egg/config/config.local.js",
    "start": 1650848182626,
    "end": 1650848182626,
    "duration": 0,
    "pid": 13903,
    "index": 26
  },
  {
    "name": "Load extend/application.js",
    "start": 1650848182628,
    "end": 1650848182655,
    "duration": 27,
    "pid": 13903,
    "index": 27
  },
  {
    "name": "Require(23) node_modules/egg-session/app/extend/application.js",
    "start": 1650848182630,
    "end": 1650848182632,
    "duration": 2,
    "pid": 13903,
    "index": 28
  },
  {
    "name": "Require(24) node_modules/egg-security/app/extend/application.js",
    "start": 1650848182632,
    "end": 1650848182633,
    "duration": 1,
    "pid": 13903,
    "index": 29
  },
  {
    "name": "Require(25) node_modules/egg-jsonp/app/extend/application.js",
    "start": 1650848182633,
    "end": 1650848182636,
    "duration": 3,
    "pid": 13903,
    "index": 30
  },
  {
    "name": "Require(26) node_modules/egg-logrotator/app/extend/application.js",
    "start": 1650848182636,
    "end": 1650848182637,
    "duration": 1,
    "pid": 13903,
    "index": 31
  },
  {
    "name": "Require(27) node_modules/egg-view/app/extend/application.js",
    "start": 1650848182637,
    "end": 1650848182637,
    "duration": 0,
    "pid": 13903,
    "index": 32
  },
  {
    "name": "Require(28) node_modules/egg-view-nunjucks/app/extend/application.js",
    "start": 1650848182637,
    "end": 1650848182654,
    "duration": 17,
    "pid": 13903,
    "index": 33
  },
  {
    "name": "Load extend/request.js",
    "start": 1650848182655,
    "end": 1650848182656,
    "duration": 1,
    "pid": 13903,
    "index": 34
  },
  {
    "name": "Require(29) node_modules/egg/app/extend/request.js",
    "start": 1650848182655,
    "end": 1650848182656,
    "duration": 1,
    "pid": 13903,
    "index": 35
  },
  {
    "name": "Load extend/response.js",
    "start": 1650848182656,
    "end": 1650848182658,
    "duration": 2,
    "pid": 13903,
    "index": 36
  },
  {
    "name": "Require(30) node_modules/egg/app/extend/response.js",
    "start": 1650848182657,
    "end": 1650848182658,
    "duration": 1,
    "pid": 13903,
    "index": 37
  },
  {
    "name": "Load extend/context.js",
    "start": 1650848182658,
    "end": 1650848182701,
    "duration": 43,
    "pid": 13903,
    "index": 38
  },
  {
    "name": "Require(31) node_modules/egg-security/app/extend/context.js",
    "start": 1650848182659,
    "end": 1650848182664,
    "duration": 5,
    "pid": 13903,
    "index": 39
  },
  {
    "name": "Require(32) node_modules/egg-jsonp/app/extend/context.js",
    "start": 1650848182664,
    "end": 1650848182665,
    "duration": 1,
    "pid": 13903,
    "index": 40
  },
  {
    "name": "Require(33) node_modules/egg-i18n/app/extend/context.js",
    "start": 1650848182665,
    "end": 1650848182665,
    "duration": 0,
    "pid": 13903,
    "index": 41
  },
  {
    "name": "Require(34) node_modules/egg-multipart/app/extend/context.js",
    "start": 1650848182665,
    "end": 1650848182699,
    "duration": 34,
    "pid": 13903,
    "index": 42
  },
  {
    "name": "Require(35) node_modules/egg-view/app/extend/context.js",
    "start": 1650848182699,
    "end": 1650848182700,
    "duration": 1,
    "pid": 13903,
    "index": 43
  },
  {
    "name": "Require(36) node_modules/egg-mongoose/app/extend/context.js",
    "start": 1650848182700,
    "end": 1650848182700,
    "duration": 0,
    "pid": 13903,
    "index": 44
  },
  {
    "name": "Require(37) node_modules/egg/app/extend/context.js",
    "start": 1650848182700,
    "end": 1650848182701,
    "duration": 1,
    "pid": 13903,
    "index": 45
  },
  {
    "name": "Load extend/helper.js",
    "start": 1650848182701,
    "end": 1650848182717,
    "duration": 16,
    "pid": 13903,
    "index": 46
  },
  {
    "name": "Require(38) node_modules/egg-security/app/extend/helper.js",
    "start": 1650848182701,
    "end": 1650848182715,
    "duration": 14,
    "pid": 13903,
    "index": 47
  },
  {
    "name": "Require(39) node_modules/egg/app/extend/helper.js",
    "start": 1650848182716,
    "end": 1650848182716,
    "duration": 0,
    "pid": 13903,
    "index": 48
  },
  {
    "name": "Load app.js",
    "start": 1650848182717,
    "end": 1650848182745,
    "duration": 28,
    "pid": 13903,
    "index": 49
  },
  {
    "name": "Require(40) node_modules/egg-session/app.js",
    "start": 1650848182717,
    "end": 1650848182717,
    "duration": 0,
    "pid": 13903,
    "index": 50
  },
  {
    "name": "Require(41) node_modules/egg-security/app.js",
    "start": 1650848182717,
    "end": 1650848182718,
    "duration": 1,
    "pid": 13903,
    "index": 51
  },
  {
    "name": "Require(42) node_modules/egg-onerror/app.js",
    "start": 1650848182718,
    "end": 1650848182722,
    "duration": 4,
    "pid": 13903,
    "index": 52
  },
  {
    "name": "Require(43) node_modules/egg-i18n/app.js",
    "start": 1650848182722,
    "end": 1650848182731,
    "duration": 9,
    "pid": 13903,
    "index": 53
  },
  {
    "name": "Require(44) node_modules/egg-watcher/app.js",
    "start": 1650848182731,
    "end": 1650848182733,
    "duration": 2,
    "pid": 13903,
    "index": 54
  },
  {
    "name": "Require(45) node_modules/egg-schedule/app.js",
    "start": 1650848182733,
    "end": 1650848182734,
    "duration": 1,
    "pid": 13903,
    "index": 55
  },
  {
    "name": "Require(46) node_modules/egg-multipart/app.js",
    "start": 1650848182734,
    "end": 1650848182734,
    "duration": 0,
    "pid": 13903,
    "index": 56
  },
  {
    "name": "Require(47) node_modules/egg-development/app.js",
    "start": 1650848182734,
    "end": 1650848182735,
    "duration": 1,
    "pid": 13903,
    "index": 57
  },
  {
    "name": "Require(48) node_modules/egg-logrotator/app.js",
    "start": 1650848182735,
    "end": 1650848182735,
    "duration": 0,
    "pid": 13903,
    "index": 58
  },
  {
    "name": "Require(49) node_modules/egg-static/app.js",
    "start": 1650848182735,
    "end": 1650848182735,
    "duration": 0,
    "pid": 13903,
    "index": 59
  },
  {
    "name": "Require(50) node_modules/egg-view-nunjucks/app.js",
    "start": 1650848182735,
    "end": 1650848182735,
    "duration": 0,
    "pid": 13903,
    "index": 60
  },
  {
    "name": "Require(51) node_modules/egg-mysql/app.js",
    "start": 1650848182736,
    "end": 1650848182744,
    "duration": 8,
    "pid": 13903,
    "index": 61
  },
  {
    "name": "Require(52) node_modules/egg-mongoose/app.js",
    "start": 1650848182744,
    "end": 1650848182745,
    "duration": 1,
    "pid": 13903,
    "index": 62
  },
  {
    "name": "Before Start in node_modules/egg-watcher/lib/init.js:15:14",
    "start": 1650848182750,
    "end": 1650848183160,
    "duration": 410,
    "pid": 13903,
    "index": 63
  },
  {
    "name": "Before Start in node_modules/egg-mongoose/lib/mongoose.js:104:7",
    "start": 1650848182968,
    "end": 1650848183593,
    "duration": 625,
    "pid": 13903,
    "index": 64
  },
  {
    "name": "Before Start in node_modules/egg-mongoose/lib/mongoose.js:52:9",
    "start": 1650848182969,
    "end": 1650848183151,
    "duration": 182,
    "pid": 13903,
    "index": 65
  },
  {
    "name": "Load Service",
    "start": 1650848182969,
    "end": 1650848182995,
    "duration": 26,
    "pid": 13903,
    "index": 66
  },
  {
    "name": "Load \"service\" to Context",
    "start": 1650848182969,
    "end": 1650848182995,
    "duration": 26,
    "pid": 13903,
    "index": 67
  },
  {
    "name": "Load Middleware",
    "start": 1650848182995,
    "end": 1650848183098,
    "duration": 103,
    "pid": 13903,
    "index": 68
  },
  {
    "name": "Load \"middlewares\" to Application",
    "start": 1650848182995,
    "end": 1650848183077,
    "duration": 82,
    "pid": 13903,
    "index": 69
  },
  {
    "name": "Load Controller",
    "start": 1650848183098,
    "end": 1650848183112,
    "duration": 14,
    "pid": 13903,
    "index": 70
  },
  {
    "name": "Load \"controller\" to Application",
    "start": 1650848183098,
    "end": 1650848183112,
    "duration": 14,
    "pid": 13903,
    "index": 71
  },
  {
    "name": "Load Router",
    "start": 1650848183112,
    "end": 1650848183114,
    "duration": 2,
    "pid": 13903,
    "index": 72
  },
  {
    "name": "Require(53) app/router.js",
    "start": 1650848183112,
    "end": 1650848183112,
    "duration": 0,
    "pid": 13903,
    "index": 73
  },
  {
    "name": "Before Start in node_modules/egg-core/lib/egg.js:303:10",
    "start": 1650848183112,
    "end": 1650848183151,
    "duration": 39,
    "pid": 13903,
    "index": 74
  },
  {
    "name": "Load \"model\" to Application",
    "start": 1650848183122,
    "end": 1650848183150,
    "duration": 28,
    "pid": 13903,
    "index": 75
  }
]