[
  {
    "name": "Process Start",
    "start": 1650848120154,
    "end": 1650848122591,
    "duration": 2437,
    "pid": 13556,
    "index": 0
  },
  {
    "name": "Application Start",
    "start": 1650848122592,
    "end": 1650848123682,
    "duration": 1090,
    "pid": 13556,
    "index": 1
  },
  {
    "name": "Load Plugin",
    "start": 1650848122598,
    "end": 1650848122612,
    "duration": 14,
    "pid": 13556,
    "index": 2
  },
  {
    "name": "Load Config",
    "start": 1650848122612,
    "end": 1650848122647,
    "duration": 35,
    "pid": 13556,
    "index": 3
  },
  {
    "name": "Require(0) config/config.default.js",
    "start": 1650848122614,
    "end": 1650848122617,
    "duration": 3,
    "pid": 13556,
    "index": 4
  },
  {
    "name": "Require(1) node_modules/egg-session/config/config.default.js",
    "start": 1650848122623,
    "end": 1650848122625,
    "duration": 2,
    "pid": 13556,
    "index": 5
  },
  {
    "name": "Require(2) node_modules/egg-security/config/config.default.js",
    "start": 1650848122625,
    "end": 1650848122626,
    "duration": 1,
    "pid": 13556,
    "index": 6
  },
  {
    "name": "Require(3) node_modules/egg-jsonp/config/config.default.js",
    "start": 1650848122628,
    "end": 1650848122630,
    "duration": 2,
    "pid": 13556,
    "index": 7
  },
  {
    "name": "Require(4) node_modules/egg-onerror/config/config.default.js",
    "start": 1650848122630,
    "end": 1650848122630,
    "duration": 0,
    "pid": 13556,
    "index": 8
  },
  {
    "name": "Require(5) node_modules/egg-i18n/config/config.default.js",
    "start": 1650848122630,
    "end": 1650848122633,
    "duration": 3,
    "pid": 13556,
    "index": 9
  },
  {
    "name": "Require(6) node_modules/egg-watcher/config/config.default.js",
    "start": 1650848122635,
    "end": 1650848122635,
    "duration": 0,
    "pid": 13556,
    "index": 10
  },
  {
    "name": "Require(7) node_modules/egg-schedule/config/config.default.js",
    "start": 1650848122635,
    "end": 1650848122636,
    "duration": 1,
    "pid": 13556,
    "index": 11
  },
  {
    "name": "Require(8) node_modules/egg-multipart/config/config.default.js",
    "start": 1650848122637,
    "end": 1650848122637,
    "duration": 0,
    "pid": 13556,
    "index": 12
  },
  {
    "name": "Require(9) node_modules/egg-development/config/config.default.js",
    "start": 1650848122637,
    "end": 1650848122637,
    "duration": 0,
    "pid": 13556,
    "index": 13
  },
  {
    "name": "Require(10) node_modules/egg-logrotator/config/config.default.js",
    "start": 1650848122637,
    "end": 1650848122637,
    "duration": 0,
    "pid": 13556,
    "index": 14
  },
  {
    "name": "Require(11) node_modules/egg-static/config/config.default.js",
    "start": 1650848122638,
    "end": 1650848122638,
    "duration": 0,
    "pid": 13556,
    "index": 15
  },
  {
    "name": "Require(12) node_modules/egg-view/config/config.default.js",
    "start": 1650848122638,
    "end": 1650848122638,
    "duration": 0,
    "pid": 13556,
    "index": 16
  },
  {
    "name": "Require(13) node_modules/egg-view-nunjucks/config/config.default.js",
    "start": 1650848122638,
    "end": 1650848122638,
    "duration": 0,
    "pid": 13556,
    "index": 17
  },
  {
    "name": "Require(14) node_modules/egg-mysql/config/config.default.js",
    "start": 1650848122638,
    "end": 1650848122639,
    "duration": 1,
    "pid": 13556,
    "index": 18
  },
  {
    "name": "Require(15) node_modules/egg-mongoose/config/config.default.js",
    "start": 1650848122639,
    "end": 1650848122639,
    "duration": 0,
    "pid": 13556,
    "index": 19
  },
  {
    "name": "Require(16) node_modules/egg/config/config.default.js",
    "start": 1650848122639,
    "end": 1650848122639,
    "duration": 0,
    "pid": 13556,
    "index": 20
  },
  {
    "name": "Require(17) config/config.default.js",
    "start": 1650848122644,
    "end": 1650848122644,
    "duration": 0,
    "pid": 13556,
    "index": 21
  },
  {
    "name": "Require(18) node_modules/egg-security/config/config.local.js",
    "start": 1650848122644,
    "end": 1650848122644,
    "duration": 0,
    "pid": 13556,
    "index": 22
  },
  {
    "name": "Require(19) node_modules/egg-watcher/config/config.local.js",
    "start": 1650848122646,
    "end": 1650848122646,
    "duration": 0,
    "pid": 13556,
    "index": 23
  },
  {
    "name": "Require(20) node_modules/egg-view/config/config.local.js",
    "start": 1650848122646,
    "end": 1650848122647,
    "duration": 1,
    "pid": 13556,
    "index": 24
  },
  {
    "name": "Require(21) node_modules/egg-view-nunjucks/config/config.local.js",
    "start": 1650848122647,
    "end": 1650848122647,
    "duration": 0,
    "pid": 13556,
    "index": 25
  },
  {
    "name": "Require(22) node_modules/egg/config/config.local.js",
    "start": 1650848122647,
    "end": 1650848122647,
    "duration": 0,
    "pid": 13556,
    "index": 26
  },
  {
    "name": "Load extend/application.js",
    "start": 1650848122649,
    "end": 1650848122697,
    "duration": 48,
    "pid": 13556,
    "index": 27
  },
  {
    "name": "Require(23) node_modules/egg-session/app/extend/application.js",
    "start": 1650848122649,
    "end": 1650848122653,
    "duration": 4,
    "pid": 13556,
    "index": 28
  },
  {
    "name": "Require(24) node_modules/egg-security/app/extend/application.js",
    "start": 1650848122654,
    "end": 1650848122658,
    "duration": 4,
    "pid": 13556,
    "index": 29
  },
  {
    "name": "Require(25) node_modules/egg-jsonp/app/extend/application.js",
    "start": 1650848122658,
    "end": 1650848122663,
    "duration": 5,
    "pid": 13556,
    "index": 30
  },
  {
    "name": "Require(26) node_modules/egg-logrotator/app/extend/application.js",
    "start": 1650848122664,
    "end": 1650848122669,
    "duration": 5,
    "pid": 13556,
    "index": 31
  },
  {
    "name": "Require(27) node_modules/egg-view/app/extend/application.js",
    "start": 1650848122669,
    "end": 1650848122674,
    "duration": 5,
    "pid": 13556,
    "index": 32
  },
  {
    "name": "Require(28) node_modules/egg-view-nunjucks/app/extend/application.js",
    "start": 1650848122675,
    "end": 1650848122696,
    "duration": 21,
    "pid": 13556,
    "index": 33
  },
  {
    "name": "Load extend/request.js",
    "start": 1650848122697,
    "end": 1650848122698,
    "duration": 1,
    "pid": 13556,
    "index": 34
  },
  {
    "name": "Require(29) node_modules/egg/app/extend/request.js",
    "start": 1650848122697,
    "end": 1650848122698,
    "duration": 1,
    "pid": 13556,
    "index": 35
  },
  {
    "name": "Load extend/response.js",
    "start": 1650848122698,
    "end": 1650848122700,
    "duration": 2,
    "pid": 13556,
    "index": 36
  },
  {
    "name": "Require(30) node_modules/egg/app/extend/response.js",
    "start": 1650848122699,
    "end": 1650848122699,
    "duration": 0,
    "pid": 13556,
    "index": 37
  },
  {
    "name": "Load extend/context.js",
    "start": 1650848122700,
    "end": 1650848122742,
    "duration": 42,
    "pid": 13556,
    "index": 38
  },
  {
    "name": "Require(31) node_modules/egg-security/app/extend/context.js",
    "start": 1650848122700,
    "end": 1650848122705,
    "duration": 5,
    "pid": 13556,
    "index": 39
  },
  {
    "name": "Require(32) node_modules/egg-jsonp/app/extend/context.js",
    "start": 1650848122705,
    "end": 1650848122706,
    "duration": 1,
    "pid": 13556,
    "index": 40
  },
  {
    "name": "Require(33) node_modules/egg-i18n/app/extend/context.js",
    "start": 1650848122706,
    "end": 1650848122706,
    "duration": 0,
    "pid": 13556,
    "index": 41
  },
  {
    "name": "Require(34) node_modules/egg-multipart/app/extend/context.js",
    "start": 1650848122707,
    "end": 1650848122740,
    "duration": 33,
    "pid": 13556,
    "index": 42
  },
  {
    "name": "Require(35) node_modules/egg-view/app/extend/context.js",
    "start": 1650848122740,
    "end": 1650848122741,
    "duration": 1,
    "pid": 13556,
    "index": 43
  },
  {
    "name": "Require(36) node_modules/egg-mongoose/app/extend/context.js",
    "start": 1650848122741,
    "end": 1650848122741,
    "duration": 0,
    "pid": 13556,
    "index": 44
  },
  {
    "name": "Require(37) node_modules/egg/app/extend/context.js",
    "start": 1650848122741,
    "end": 1650848122742,
    "duration": 1,
    "pid": 13556,
    "index": 45
  },
  {
    "name": "Load extend/helper.js",
    "start": 1650848122742,
    "end": 1650848122752,
    "duration": 10,
    "pid": 13556,
    "index": 46
  },
  {
    "name": "Require(38) node_modules/egg-security/app/extend/helper.js",
    "start": 1650848122743,
    "end": 1650848122751,
    "duration": 8,
    "pid": 13556,
    "index": 47
  },
  {
    "name": "Require(39) node_modules/egg/app/extend/helper.js",
    "start": 1650848122751,
    "end": 1650848122752,
    "duration": 1,
    "pid": 13556,
    "index": 48
  },
  {
    "name": "Load app.js",
    "start": 1650848122752,
    "end": 1650848122779,
    "duration": 27,
    "pid": 13556,
    "index": 49
  },
  {
    "name": "Require(40) node_modules/egg-session/app.js",
    "start": 1650848122752,
    "end": 1650848122753,
    "duration": 1,
    "pid": 13556,
    "index": 50
  },
  {
    "name": "Require(41) node_modules/egg-security/app.js",
    "start": 1650848122753,
    "end": 1650848122754,
    "duration": 1,
    "pid": 13556,
    "index": 51
  },
  {
    "name": "Require(42) node_modules/egg-onerror/app.js",
    "start": 1650848122754,
    "end": 1650848122758,
    "duration": 4,
    "pid": 13556,
    "index": 52
  },
  {
    "name": "Require(43) node_modules/egg-i18n/app.js",
    "start": 1650848122758,
    "end": 1650848122765,
    "duration": 7,
    "pid": 13556,
    "index": 53
  },
  {
    "name": "Require(44) node_modules/egg-watcher/app.js",
    "start": 1650848122765,
    "end": 1650848122767,
    "duration": 2,
    "pid": 13556,
    "index": 54
  },
  {
    "name": "Require(45) node_modules/egg-schedule/app.js",
    "start": 1650848122767,
    "end": 1650848122768,
    "duration": 1,
    "pid": 13556,
    "index": 55
  },
  {
    "name": "Require(46) node_modules/egg-multipart/app.js",
    "start": 1650848122768,
    "end": 1650848122768,
    "duration": 0,
    "pid": 13556,
    "index": 56
  },
  {
    "name": "Require(47) node_modules/egg-development/app.js",
    "start": 1650848122768,
    "end": 1650848122769,
    "duration": 1,
    "pid": 13556,
    "index": 57
  },
  {
    "name": "Require(48) node_modules/egg-logrotator/app.js",
    "start": 1650848122769,
    "end": 1650848122769,
    "duration": 0,
    "pid": 13556,
    "index": 58
  },
  {
    "name": "Require(49) node_modules/egg-static/app.js",
    "start": 1650848122769,
    "end": 1650848122769,
    "duration": 0,
    "pid": 13556,
    "index": 59
  },
  {
    "name": "Require(50) node_modules/egg-view-nunjucks/app.js",
    "start": 1650848122769,
    "end": 1650848122769,
    "duration": 0,
    "pid": 13556,
    "index": 60
  },
  {
    "name": "Require(51) node_modules/egg-mysql/app.js",
    "start": 1650848122770,
    "end": 1650848122779,
    "duration": 9,
    "pid": 13556,
    "index": 61
  },
  {
    "name": "Require(52) node_modules/egg-mongoose/app.js",
    "start": 1650848122779,
    "end": 1650848122779,
    "duration": 0,
    "pid": 13556,
    "index": 62
  },
  {
    "name": "Before Start in node_modules/egg-watcher/lib/init.js:15:14",
    "start": 1650848122789,
    "end": 1650848123194,
    "duration": 405,
    "pid": 13556,
    "index": 63
  },
  {
    "name": "Before Start in node_modules/egg-mongoose/lib/mongoose.js:104:7",
    "start": 1650848123008,
    "end": 1650848123681,
    "duration": 673,
    "pid": 13556,
    "index": 64
  },
  {
    "name": "Before Start in node_modules/egg-mongoose/lib/mongoose.js:52:9",
    "start": 1650848123008,
    "end": 1650848123171,
    "duration": 163,
    "pid": 13556,
    "index": 65
  },
  {
    "name": "Load Service",
    "start": 1650848123008,
    "end": 1650848123033,
    "duration": 25,
    "pid": 13556,
    "index": 66
  },
  {
    "name": "Load \"service\" to Context",
    "start": 1650848123008,
    "end": 1650848123033,
    "duration": 25,
    "pid": 13556,
    "index": 67
  },
  {
    "name": "Load Middleware",
    "start": 1650848123033,
    "end": 1650848123146,
    "duration": 113,
    "pid": 13556,
    "index": 68
  },
  {
    "name": "Load \"middlewares\" to Application",
    "start": 1650848123033,
    "end": 1650848123129,
    "duration": 96,
    "pid": 13556,
    "index": 69
  },
  {
    "name": "Load Controller",
    "start": 1650848123146,
    "end": 1650848123150,
    "duration": 4,
    "pid": 13556,
    "index": 70
  },
  {
    "name": "Load \"controller\" to Application",
    "start": 1650848123146,
    "end": 1650848123150,
    "duration": 4,
    "pid": 13556,
    "index": 71
  },
  {
    "name": "Load Router",
    "start": 1650848123150,
    "end": 1650848123152,
    "duration": 2,
    "pid": 13556,
    "index": 72
  },
  {
    "name": "Require(53) app/router.js",
    "start": 1650848123150,
    "end": 1650848123150,
    "duration": 0,
    "pid": 13556,
    "index": 73
  },
  {
    "name": "Before Start in node_modules/egg-core/lib/egg.js:303:10",
    "start": 1650848123150,
    "end": 1650848123171,
    "duration": 21,
    "pid": 13556,
    "index": 74
  },
  {
    "name": "Load \"model\" to Application",
    "start": 1650848123161,
    "end": 1650848123171,
    "duration": 10,
    "pid": 13556,
    "index": 75
  }
]