[
  {
    "name": "Process Start",
    "start": 1650852161020,
    "end": 1650852161681,
    "duration": 661,
    "pid": 30913,
    "index": 0
  },
  {
    "name": "Application Start",
    "start": 1650852161682,
    "end": 1650852162933,
    "duration": 1251,
    "pid": 30913,
    "index": 1
  },
  {
    "name": "Load Plugin",
    "start": 1650852161685,
    "end": 1650852161694,
    "duration": 9,
    "pid": 30913,
    "index": 2
  },
  {
    "name": "Load Config",
    "start": 1650852161694,
    "end": 1650852161712,
    "duration": 18,
    "pid": 30913,
    "index": 3
  },
  {
    "name": "Require(0) config/config.default.js",
    "start": 1650852161695,
    "end": 1650852161696,
    "duration": 1,
    "pid": 30913,
    "index": 4
  },
  {
    "name": "Require(1) node_modules/egg-session/config/config.default.js",
    "start": 1650852161697,
    "end": 1650852161698,
    "duration": 1,
    "pid": 30913,
    "index": 5
  },
  {
    "name": "Require(2) node_modules/egg-security/config/config.default.js",
    "start": 1650852161698,
    "end": 1650852161698,
    "duration": 0,
    "pid": 30913,
    "index": 6
  },
  {
    "name": "Require(3) node_modules/egg-jsonp/config/config.default.js",
    "start": 1650852161700,
    "end": 1650852161700,
    "duration": 0,
    "pid": 30913,
    "index": 7
  },
  {
    "name": "Require(4) node_modules/egg-onerror/config/config.default.js",
    "start": 1650852161700,
    "end": 1650852161701,
    "duration": 1,
    "pid": 30913,
    "index": 8
  },
  {
    "name": "Require(5) node_modules/egg-i18n/config/config.default.js",
    "start": 1650852161701,
    "end": 1650852161701,
    "duration": 0,
    "pid": 30913,
    "index": 9
  },
  {
    "name": "Require(6) node_modules/egg-watcher/config/config.default.js",
    "start": 1650852161702,
    "end": 1650852161702,
    "duration": 0,
    "pid": 30913,
    "index": 10
  },
  {
    "name": "Require(7) node_modules/egg-schedule/config/config.default.js",
    "start": 1650852161703,
    "end": 1650852161703,
    "duration": 0,
    "pid": 30913,
    "index": 11
  },
  {
    "name": "Require(8) node_modules/egg-multipart/config/config.default.js",
    "start": 1650852161703,
    "end": 1650852161703,
    "duration": 0,
    "pid": 30913,
    "index": 12
  },
  {
    "name": "Require(9) node_modules/egg-development/config/config.default.js",
    "start": 1650852161704,
    "end": 1650852161704,
    "duration": 0,
    "pid": 30913,
    "index": 13
  },
  {
    "name": "Require(10) node_modules/egg-logrotator/config/config.default.js",
    "start": 1650852161704,
    "end": 1650852161705,
    "duration": 1,
    "pid": 30913,
    "index": 14
  },
  {
    "name": "Require(11) node_modules/egg-static/config/config.default.js",
    "start": 1650852161705,
    "end": 1650852161705,
    "duration": 0,
    "pid": 30913,
    "index": 15
  },
  {
    "name": "Require(12) node_modules/egg-view/config/config.default.js",
    "start": 1650852161706,
    "end": 1650852161706,
    "duration": 0,
    "pid": 30913,
    "index": 16
  },
  {
    "name": "Require(13) node_modules/egg-view-nunjucks/config/config.default.js",
    "start": 1650852161706,
    "end": 1650852161706,
    "duration": 0,
    "pid": 30913,
    "index": 17
  },
  {
    "name": "Require(14) node_modules/egg-mysql/config/config.default.js",
    "start": 1650852161707,
    "end": 1650852161707,
    "duration": 0,
    "pid": 30913,
    "index": 18
  },
  {
    "name": "Require(15) node_modules/egg-mongoose/config/config.default.js",
    "start": 1650852161707,
    "end": 1650852161708,
    "duration": 1,
    "pid": 30913,
    "index": 19
  },
  {
    "name": "Require(16) node_modules/egg/config/config.default.js",
    "start": 1650852161708,
    "end": 1650852161708,
    "duration": 0,
    "pid": 30913,
    "index": 20
  },
  {
    "name": "Require(17) config/config.default.js",
    "start": 1650852161709,
    "end": 1650852161709,
    "duration": 0,
    "pid": 30913,
    "index": 21
  },
  {
    "name": "Require(18) node_modules/egg-security/config/config.local.js",
    "start": 1650852161709,
    "end": 1650852161710,
    "duration": 1,
    "pid": 30913,
    "index": 22
  },
  {
    "name": "Require(19) node_modules/egg-watcher/config/config.local.js",
    "start": 1650852161711,
    "end": 1650852161711,
    "duration": 0,
    "pid": 30913,
    "index": 23
  },
  {
    "name": "Require(20) node_modules/egg-view/config/config.local.js",
    "start": 1650852161711,
    "end": 1650852161712,
    "duration": 1,
    "pid": 30913,
    "index": 24
  },
  {
    "name": "Require(21) node_modules/egg-view-nunjucks/config/config.local.js",
    "start": 1650852161712,
    "end": 1650852161712,
    "duration": 0,
    "pid": 30913,
    "index": 25
  },
  {
    "name": "Require(22) node_modules/egg/config/config.local.js",
    "start": 1650852161712,
    "end": 1650852161712,
    "duration": 0,
    "pid": 30913,
    "index": 26
  },
  {
    "name": "Load extend/application.js",
    "start": 1650852161713,
    "end": 1650852161738,
    "duration": 25,
    "pid": 30913,
    "index": 27
  },
  {
    "name": "Require(23) node_modules/egg-session/app/extend/application.js",
    "start": 1650852161714,
    "end": 1650852161714,
    "duration": 0,
    "pid": 30913,
    "index": 28
  },
  {
    "name": "Require(24) node_modules/egg-security/app/extend/application.js",
    "start": 1650852161714,
    "end": 1650852161717,
    "duration": 3,
    "pid": 30913,
    "index": 29
  },
  {
    "name": "Require(25) node_modules/egg-jsonp/app/extend/application.js",
    "start": 1650852161717,
    "end": 1650852161718,
    "duration": 1,
    "pid": 30913,
    "index": 30
  },
  {
    "name": "Require(26) node_modules/egg-logrotator/app/extend/application.js",
    "start": 1650852161718,
    "end": 1650852161719,
    "duration": 1,
    "pid": 30913,
    "index": 31
  },
  {
    "name": "Require(27) node_modules/egg-view/app/extend/application.js",
    "start": 1650852161719,
    "end": 1650852161720,
    "duration": 1,
    "pid": 30913,
    "index": 32
  },
  {
    "name": "Require(28) node_modules/egg-view-nunjucks/app/extend/application.js",
    "start": 1650852161720,
    "end": 1650852161737,
    "duration": 17,
    "pid": 30913,
    "index": 33
  },
  {
    "name": "Load extend/request.js",
    "start": 1650852161738,
    "end": 1650852161740,
    "duration": 2,
    "pid": 30913,
    "index": 34
  },
  {
    "name": "Require(29) node_modules/egg/app/extend/request.js",
    "start": 1650852161739,
    "end": 1650852161739,
    "duration": 0,
    "pid": 30913,
    "index": 35
  },
  {
    "name": "Load extend/response.js",
    "start": 1650852161740,
    "end": 1650852161742,
    "duration": 2,
    "pid": 30913,
    "index": 36
  },
  {
    "name": "Require(30) node_modules/egg/app/extend/response.js",
    "start": 1650852161740,
    "end": 1650852161741,
    "duration": 1,
    "pid": 30913,
    "index": 37
  },
  {
    "name": "Load extend/context.js",
    "start": 1650852161742,
    "end": 1650852161781,
    "duration": 39,
    "pid": 30913,
    "index": 38
  },
  {
    "name": "Require(31) node_modules/egg-security/app/extend/context.js",
    "start": 1650852161742,
    "end": 1650852161746,
    "duration": 4,
    "pid": 30913,
    "index": 39
  },
  {
    "name": "Require(32) node_modules/egg-jsonp/app/extend/context.js",
    "start": 1650852161746,
    "end": 1650852161747,
    "duration": 1,
    "pid": 30913,
    "index": 40
  },
  {
    "name": "Require(33) node_modules/egg-i18n/app/extend/context.js",
    "start": 1650852161747,
    "end": 1650852161748,
    "duration": 1,
    "pid": 30913,
    "index": 41
  },
  {
    "name": "Require(34) node_modules/egg-multipart/app/extend/context.js",
    "start": 1650852161748,
    "end": 1650852161778,
    "duration": 30,
    "pid": 30913,
    "index": 42
  },
  {
    "name": "Require(35) node_modules/egg-view/app/extend/context.js",
    "start": 1650852161778,
    "end": 1650852161779,
    "duration": 1,
    "pid": 30913,
    "index": 43
  },
  {
    "name": "Require(36) node_modules/egg-mongoose/app/extend/context.js",
    "start": 1650852161779,
    "end": 1650852161779,
    "duration": 0,
    "pid": 30913,
    "index": 44
  },
  {
    "name": "Require(37) node_modules/egg/app/extend/context.js",
    "start": 1650852161779,
    "end": 1650852161780,
    "duration": 1,
    "pid": 30913,
    "index": 45
  },
  {
    "name": "Load extend/helper.js",
    "start": 1650852161781,
    "end": 1650852161790,
    "duration": 9,
    "pid": 30913,
    "index": 46
  },
  {
    "name": "Require(38) node_modules/egg-security/app/extend/helper.js",
    "start": 1650852161781,
    "end": 1650852161789,
    "duration": 8,
    "pid": 30913,
    "index": 47
  },
  {
    "name": "Require(39) node_modules/egg/app/extend/helper.js",
    "start": 1650852161790,
    "end": 1650852161790,
    "duration": 0,
    "pid": 30913,
    "index": 48
  },
  {
    "name": "Load app.js",
    "start": 1650852161791,
    "end": 1650852161821,
    "duration": 30,
    "pid": 30913,
    "index": 49
  },
  {
    "name": "Require(40) node_modules/egg-session/app.js",
    "start": 1650852161791,
    "end": 1650852161791,
    "duration": 0,
    "pid": 30913,
    "index": 50
  },
  {
    "name": "Require(41) node_modules/egg-security/app.js",
    "start": 1650852161791,
    "end": 1650852161792,
    "duration": 1,
    "pid": 30913,
    "index": 51
  },
  {
    "name": "Require(42) node_modules/egg-onerror/app.js",
    "start": 1650852161792,
    "end": 1650852161796,
    "duration": 4,
    "pid": 30913,
    "index": 52
  },
  {
    "name": "Require(43) node_modules/egg-i18n/app.js",
    "start": 1650852161796,
    "end": 1650852161803,
    "duration": 7,
    "pid": 30913,
    "index": 53
  },
  {
    "name": "Require(44) node_modules/egg-watcher/app.js",
    "start": 1650852161804,
    "end": 1650852161806,
    "duration": 2,
    "pid": 30913,
    "index": 54
  },
  {
    "name": "Require(45) node_modules/egg-schedule/app.js",
    "start": 1650852161806,
    "end": 1650852161806,
    "duration": 0,
    "pid": 30913,
    "index": 55
  },
  {
    "name": "Require(46) node_modules/egg-multipart/app.js",
    "start": 1650852161806,
    "end": 1650852161807,
    "duration": 1,
    "pid": 30913,
    "index": 56
  },
  {
    "name": "Require(47) node_modules/egg-development/app.js",
    "start": 1650852161807,
    "end": 1650852161807,
    "duration": 0,
    "pid": 30913,
    "index": 57
  },
  {
    "name": "Require(48) node_modules/egg-logrotator/app.js",
    "start": 1650852161807,
    "end": 1650852161807,
    "duration": 0,
    "pid": 30913,
    "index": 58
  },
  {
    "name": "Require(49) node_modules/egg-static/app.js",
    "start": 1650852161808,
    "end": 1650852161808,
    "duration": 0,
    "pid": 30913,
    "index": 59
  },
  {
    "name": "Require(50) node_modules/egg-view-nunjucks/app.js",
    "start": 1650852161808,
    "end": 1650852161808,
    "duration": 0,
    "pid": 30913,
    "index": 60
  },
  {
    "name": "Require(51) node_modules/egg-mysql/app.js",
    "start": 1650852161808,
    "end": 1650852161820,
    "duration": 12,
    "pid": 30913,
    "index": 61
  },
  {
    "name": "Require(52) node_modules/egg-mongoose/app.js",
    "start": 1650852161820,
    "end": 1650852161820,
    "duration": 0,
    "pid": 30913,
    "index": 62
  },
  {
    "name": "Before Start in node_modules/egg-watcher/lib/init.js:15:14",
    "start": 1650852161828,
    "end": 1650852162166,
    "duration": 338,
    "pid": 30913,
    "index": 63
  },
  {
    "name": "Before Start in node_modules/egg-mongoose/lib/mongoose.js:104:7",
    "start": 1650852162060,
    "end": 1650852162932,
    "duration": 872,
    "pid": 30913,
    "index": 64
  },
  {
    "name": "Before Start in node_modules/egg-mongoose/lib/mongoose.js:52:9",
    "start": 1650852162060,
    "end": 1650852162160,
    "duration": 100,
    "pid": 30913,
    "index": 65
  },
  {
    "name": "Load Service",
    "start": 1650852162060,
    "end": 1650852162064,
    "duration": 4,
    "pid": 30913,
    "index": 66
  },
  {
    "name": "Load \"service\" to Context",
    "start": 1650852162060,
    "end": 1650852162064,
    "duration": 4,
    "pid": 30913,
    "index": 67
  },
  {
    "name": "Load Middleware",
    "start": 1650852162064,
    "end": 1650852162136,
    "duration": 72,
    "pid": 30913,
    "index": 68
  },
  {
    "name": "Load \"middlewares\" to Application",
    "start": 1650852162064,
    "end": 1650852162124,
    "duration": 60,
    "pid": 30913,
    "index": 69
  },
  {
    "name": "Load Controller",
    "start": 1650852162136,
    "end": 1650852162140,
    "duration": 4,
    "pid": 30913,
    "index": 70
  },
  {
    "name": "Load \"controller\" to Application",
    "start": 1650852162136,
    "end": 1650852162140,
    "duration": 4,
    "pid": 30913,
    "index": 71
  },
  {
    "name": "Load Router",
    "start": 1650852162140,
    "end": 1650852162142,
    "duration": 2,
    "pid": 30913,
    "index": 72
  },
  {
    "name": "Require(53) app/router.js",
    "start": 1650852162140,
    "end": 1650852162140,
    "duration": 0,
    "pid": 30913,
    "index": 73
  },
  {
    "name": "Before Start in node_modules/egg-core/lib/egg.js:303:10",
    "start": 1650852162140,
    "end": 1650852162160,
    "duration": 20,
    "pid": 30913,
    "index": 74
  },
  {
    "name": "Load \"model\" to Application",
    "start": 1650852162147,
    "end": 1650852162159,
    "duration": 12,
    "pid": 30913,
    "index": 75
  }
]