[
  {
    "name": "Process Start",
    "start": 1650852196917,
    "end": 1650852197900,
    "duration": 983,
    "pid": 31084,
    "index": 0
  },
  {
    "name": "Application Start",
    "start": 1650852197901,
    "end": 1650852199244,
    "duration": 1343,
    "pid": 31084,
    "index": 1
  },
  {
    "name": "Load Plugin",
    "start": 1650852197909,
    "end": 1650852197965,
    "duration": 56,
    "pid": 31084,
    "index": 2
  },
  {
    "name": "Load Config",
    "start": 1650852197965,
    "end": 1650852198081,
    "duration": 116,
    "pid": 31084,
    "index": 3
  },
  {
    "name": "Require(0) config/config.default.js",
    "start": 1650852197968,
    "end": 1650852197974,
    "duration": 6,
    "pid": 31084,
    "index": 4
  },
  {
    "name": "Require(1) node_modules/egg-session/config/config.default.js",
    "start": 1650852197979,
    "end": 1650852197984,
    "duration": 5,
    "pid": 31084,
    "index": 5
  },
  {
    "name": "Require(2) node_modules/egg-security/config/config.default.js",
    "start": 1650852197984,
    "end": 1650852197987,
    "duration": 3,
    "pid": 31084,
    "index": 6
  },
  {
    "name": "Require(3) node_modules/egg-jsonp/config/config.default.js",
    "start": 1650852197991,
    "end": 1650852197997,
    "duration": 6,
    "pid": 31084,
    "index": 7
  },
  {
    "name": "Require(4) node_modules/egg-onerror/config/config.default.js",
    "start": 1650852197998,
    "end": 1650852197999,
    "duration": 1,
    "pid": 31084,
    "index": 8
  },
  {
    "name": "Require(5) node_modules/egg-i18n/config/config.default.js",
    "start": 1650852197999,
    "end": 1650852198003,
    "duration": 4,
    "pid": 31084,
    "index": 9
  },
  {
    "name": "Require(6) node_modules/egg-watcher/config/config.default.js",
    "start": 1650852198004,
    "end": 1650852198010,
    "duration": 6,
    "pid": 31084,
    "index": 10
  },
  {
    "name": "Require(7) node_modules/egg-schedule/config/config.default.js",
    "start": 1650852198010,
    "end": 1650852198012,
    "duration": 2,
    "pid": 31084,
    "index": 11
  },
  {
    "name": "Require(8) node_modules/egg-multipart/config/config.default.js",
    "start": 1650852198013,
    "end": 1650852198018,
    "duration": 5,
    "pid": 31084,
    "index": 12
  },
  {
    "name": "Require(9) node_modules/egg-development/config/config.default.js",
    "start": 1650852198019,
    "end": 1650852198023,
    "duration": 4,
    "pid": 31084,
    "index": 13
  },
  {
    "name": "Require(10) node_modules/egg-logrotator/config/config.default.js",
    "start": 1650852198026,
    "end": 1650852198029,
    "duration": 3,
    "pid": 31084,
    "index": 14
  },
  {
    "name": "Require(11) node_modules/egg-static/config/config.default.js",
    "start": 1650852198030,
    "end": 1650852198033,
    "duration": 3,
    "pid": 31084,
    "index": 15
  },
  {
    "name": "Require(12) node_modules/egg-view/config/config.default.js",
    "start": 1650852198036,
    "end": 1650852198039,
    "duration": 3,
    "pid": 31084,
    "index": 16
  },
  {
    "name": "Require(13) node_modules/egg-view-nunjucks/config/config.default.js",
    "start": 1650852198040,
    "end": 1650852198043,
    "duration": 3,
    "pid": 31084,
    "index": 17
  },
  {
    "name": "Require(14) node_modules/egg-mysql/config/config.default.js",
    "start": 1650852198045,
    "end": 1650852198047,
    "duration": 2,
    "pid": 31084,
    "index": 18
  },
  {
    "name": "Require(15) node_modules/egg-mongoose/config/config.default.js",
    "start": 1650852198049,
    "end": 1650852198050,
    "duration": 1,
    "pid": 31084,
    "index": 19
  },
  {
    "name": "Require(16) node_modules/egg/config/config.default.js",
    "start": 1650852198050,
    "end": 1650852198054,
    "duration": 4,
    "pid": 31084,
    "index": 20
  },
  {
    "name": "Require(17) config/config.default.js",
    "start": 1650852198058,
    "end": 1650852198058,
    "duration": 0,
    "pid": 31084,
    "index": 21
  },
  {
    "name": "Require(18) node_modules/egg-security/config/config.local.js",
    "start": 1650852198059,
    "end": 1650852198062,
    "duration": 3,
    "pid": 31084,
    "index": 22
  },
  {
    "name": "Require(19) node_modules/egg-watcher/config/config.local.js",
    "start": 1650852198070,
    "end": 1650852198071,
    "duration": 1,
    "pid": 31084,
    "index": 23
  },
  {
    "name": "Require(20) node_modules/egg-view/config/config.local.js",
    "start": 1650852198072,
    "end": 1650852198074,
    "duration": 2,
    "pid": 31084,
    "index": 24
  },
  {
    "name": "Require(21) node_modules/egg-view-nunjucks/config/config.local.js",
    "start": 1650852198074,
    "end": 1650852198076,
    "duration": 2,
    "pid": 31084,
    "index": 25
  },
  {
    "name": "Require(22) node_modules/egg/config/config.local.js",
    "start": 1650852198077,
    "end": 1650852198080,
    "duration": 3,
    "pid": 31084,
    "index": 26
  },
  {
    "name": "Load extend/application.js",
    "start": 1650852198083,
    "end": 1650852198137,
    "duration": 54,
    "pid": 31084,
    "index": 27
  },
  {
    "name": "Require(23) node_modules/egg-session/app/extend/application.js",
    "start": 1650852198085,
    "end": 1650852198086,
    "duration": 1,
    "pid": 31084,
    "index": 28
  },
  {
    "name": "Require(24) node_modules/egg-security/app/extend/application.js",
    "start": 1650852198087,
    "end": 1650852198091,
    "duration": 4,
    "pid": 31084,
    "index": 29
  },
  {
    "name": "Require(25) node_modules/egg-jsonp/app/extend/application.js",
    "start": 1650852198091,
    "end": 1650852198094,
    "duration": 3,
    "pid": 31084,
    "index": 30
  },
  {
    "name": "Require(26) node_modules/egg-logrotator/app/extend/application.js",
    "start": 1650852198094,
    "end": 1650852198097,
    "duration": 3,
    "pid": 31084,
    "index": 31
  },
  {
    "name": "Require(27) node_modules/egg-view/app/extend/application.js",
    "start": 1650852198097,
    "end": 1650852198099,
    "duration": 2,
    "pid": 31084,
    "index": 32
  },
  {
    "name": "Require(28) node_modules/egg-view-nunjucks/app/extend/application.js",
    "start": 1650852198099,
    "end": 1650852198136,
    "duration": 37,
    "pid": 31084,
    "index": 33
  },
  {
    "name": "Load extend/request.js",
    "start": 1650852198137,
    "end": 1650852198140,
    "duration": 3,
    "pid": 31084,
    "index": 34
  },
  {
    "name": "Require(29) node_modules/egg/app/extend/request.js",
    "start": 1650852198138,
    "end": 1650852198139,
    "duration": 1,
    "pid": 31084,
    "index": 35
  },
  {
    "name": "Load extend/response.js",
    "start": 1650852198140,
    "end": 1650852198144,
    "duration": 4,
    "pid": 31084,
    "index": 36
  },
  {
    "name": "Require(30) node_modules/egg/app/extend/response.js",
    "start": 1650852198140,
    "end": 1650852198143,
    "duration": 3,
    "pid": 31084,
    "index": 37
  },
  {
    "name": "Load extend/context.js",
    "start": 1650852198144,
    "end": 1650852198229,
    "duration": 85,
    "pid": 31084,
    "index": 38
  },
  {
    "name": "Require(31) node_modules/egg-security/app/extend/context.js",
    "start": 1650852198144,
    "end": 1650852198154,
    "duration": 10,
    "pid": 31084,
    "index": 39
  },
  {
    "name": "Require(32) node_modules/egg-jsonp/app/extend/context.js",
    "start": 1650852198154,
    "end": 1650852198157,
    "duration": 3,
    "pid": 31084,
    "index": 40
  },
  {
    "name": "Require(33) node_modules/egg-i18n/app/extend/context.js",
    "start": 1650852198157,
    "end": 1650852198158,
    "duration": 1,
    "pid": 31084,
    "index": 41
  },
  {
    "name": "Require(34) node_modules/egg-multipart/app/extend/context.js",
    "start": 1650852198158,
    "end": 1650852198224,
    "duration": 66,
    "pid": 31084,
    "index": 42
  },
  {
    "name": "Require(35) node_modules/egg-view/app/extend/context.js",
    "start": 1650852198224,
    "end": 1650852198226,
    "duration": 2,
    "pid": 31084,
    "index": 43
  },
  {
    "name": "Require(36) node_modules/egg-mongoose/app/extend/context.js",
    "start": 1650852198226,
    "end": 1650852198227,
    "duration": 1,
    "pid": 31084,
    "index": 44
  },
  {
    "name": "Require(37) node_modules/egg/app/extend/context.js",
    "start": 1650852198227,
    "end": 1650852198228,
    "duration": 1,
    "pid": 31084,
    "index": 45
  },
  {
    "name": "Load extend/helper.js",
    "start": 1650852198229,
    "end": 1650852198260,
    "duration": 31,
    "pid": 31084,
    "index": 46
  },
  {
    "name": "Require(38) node_modules/egg-security/app/extend/helper.js",
    "start": 1650852198229,
    "end": 1650852198258,
    "duration": 29,
    "pid": 31084,
    "index": 47
  },
  {
    "name": "Require(39) node_modules/egg/app/extend/helper.js",
    "start": 1650852198259,
    "end": 1650852198260,
    "duration": 1,
    "pid": 31084,
    "index": 48
  },
  {
    "name": "Load app.js",
    "start": 1650852198261,
    "end": 1650852198336,
    "duration": 75,
    "pid": 31084,
    "index": 49
  },
  {
    "name": "Require(40) node_modules/egg-session/app.js",
    "start": 1650852198261,
    "end": 1650852198261,
    "duration": 0,
    "pid": 31084,
    "index": 50
  },
  {
    "name": "Require(41) node_modules/egg-security/app.js",
    "start": 1650852198262,
    "end": 1650852198264,
    "duration": 2,
    "pid": 31084,
    "index": 51
  },
  {
    "name": "Require(42) node_modules/egg-onerror/app.js",
    "start": 1650852198265,
    "end": 1650852198275,
    "duration": 10,
    "pid": 31084,
    "index": 52
  },
  {
    "name": "Require(43) node_modules/egg-i18n/app.js",
    "start": 1650852198275,
    "end": 1650852198292,
    "duration": 17,
    "pid": 31084,
    "index": 53
  },
  {
    "name": "Require(44) node_modules/egg-watcher/app.js",
    "start": 1650852198293,
    "end": 1650852198298,
    "duration": 5,
    "pid": 31084,
    "index": 54
  },
  {
    "name": "Require(45) node_modules/egg-schedule/app.js",
    "start": 1650852198298,
    "end": 1650852198300,
    "duration": 2,
    "pid": 31084,
    "index": 55
  },
  {
    "name": "Require(46) node_modules/egg-multipart/app.js",
    "start": 1650852198300,
    "end": 1650852198300,
    "duration": 0,
    "pid": 31084,
    "index": 56
  },
  {
    "name": "Require(47) node_modules/egg-development/app.js",
    "start": 1650852198300,
    "end": 1650852198301,
    "duration": 1,
    "pid": 31084,
    "index": 57
  },
  {
    "name": "Require(48) node_modules/egg-logrotator/app.js",
    "start": 1650852198302,
    "end": 1650852198302,
    "duration": 0,
    "pid": 31084,
    "index": 58
  },
  {
    "name": "Require(49) node_modules/egg-static/app.js",
    "start": 1650852198302,
    "end": 1650852198303,
    "duration": 1,
    "pid": 31084,
    "index": 59
  },
  {
    "name": "Require(50) node_modules/egg-view-nunjucks/app.js",
    "start": 1650852198303,
    "end": 1650852198303,
    "duration": 0,
    "pid": 31084,
    "index": 60
  },
  {
    "name": "Require(51) node_modules/egg-mysql/app.js",
    "start": 1650852198303,
    "end": 1650852198334,
    "duration": 31,
    "pid": 31084,
    "index": 61
  },
  {
    "name": "Require(52) node_modules/egg-mongoose/app.js",
    "start": 1650852198335,
    "end": 1650852198336,
    "duration": 1,
    "pid": 31084,
    "index": 62
  },
  {
    "name": "Before Start in node_modules/egg-watcher/lib/init.js:15:14",
    "start": 1650852198343,
    "end": 1650852198743,
    "duration": 400,
    "pid": 31084,
    "index": 63
  },
  {
    "name": "Before Start in node_modules/egg-mongoose/lib/mongoose.js:104:7",
    "start": 1650852198613,
    "end": 1650852199244,
    "duration": 631,
    "pid": 31084,
    "index": 64
  },
  {
    "name": "Before Start in node_modules/egg-mongoose/lib/mongoose.js:52:9",
    "start": 1650852198613,
    "end": 1650852198736,
    "duration": 123,
    "pid": 31084,
    "index": 65
  },
  {
    "name": "Load Service",
    "start": 1650852198613,
    "end": 1650852198617,
    "duration": 4,
    "pid": 31084,
    "index": 66
  },
  {
    "name": "Load \"service\" to Context",
    "start": 1650852198614,
    "end": 1650852198617,
    "duration": 3,
    "pid": 31084,
    "index": 67
  },
  {
    "name": "Load Middleware",
    "start": 1650852198617,
    "end": 1650852198700,
    "duration": 83,
    "pid": 31084,
    "index": 68
  },
  {
    "name": "Load \"middlewares\" to Application",
    "start": 1650852198617,
    "end": 1650852198687,
    "duration": 70,
    "pid": 31084,
    "index": 69
  },
  {
    "name": "Load Controller",
    "start": 1650852198700,
    "end": 1650852198704,
    "duration": 4,
    "pid": 31084,
    "index": 70
  },
  {
    "name": "Load \"controller\" to Application",
    "start": 1650852198700,
    "end": 1650852198704,
    "duration": 4,
    "pid": 31084,
    "index": 71
  },
  {
    "name": "Load Router",
    "start": 1650852198704,
    "end": 1650852198707,
    "duration": 3,
    "pid": 31084,
    "index": 72
  },
  {
    "name": "Require(53) app/router.js",
    "start": 1650852198705,
    "end": 1650852198705,
    "duration": 0,
    "pid": 31084,
    "index": 73
  },
  {
    "name": "Before Start in node_modules/egg-core/lib/egg.js:303:10",
    "start": 1650852198705,
    "end": 1650852198736,
    "duration": 31,
    "pid": 31084,
    "index": 74
  },
  {
    "name": "Load \"model\" to Application",
    "start": 1650852198714,
    "end": 1650852198736,
    "duration": 22,
    "pid": 31084,
    "index": 75
  }
]