[
  {
    "name": "Process Start",
    "start": 1650848150899,
    "end": 1650848151810,
    "duration": 911,
    "pid": 13739,
    "index": 0
  },
  {
    "name": "Application Start",
    "start": 1650848151810,
    "end": 1650848152854,
    "duration": 1044,
    "pid": 13739,
    "index": 1
  },
  {
    "name": "Load Plugin",
    "start": 1650848151814,
    "end": 1650848151823,
    "duration": 9,
    "pid": 13739,
    "index": 2
  },
  {
    "name": "Load Config",
    "start": 1650848151823,
    "end": 1650848151843,
    "duration": 20,
    "pid": 13739,
    "index": 3
  },
  {
    "name": "Require(0) config/config.default.js",
    "start": 1650848151823,
    "end": 1650848151824,
    "duration": 1,
    "pid": 13739,
    "index": 4
  },
  {
    "name": "Require(1) node_modules/egg-session/config/config.default.js",
    "start": 1650848151826,
    "end": 1650848151827,
    "duration": 1,
    "pid": 13739,
    "index": 5
  },
  {
    "name": "Require(2) node_modules/egg-security/config/config.default.js",
    "start": 1650848151827,
    "end": 1650848151827,
    "duration": 0,
    "pid": 13739,
    "index": 6
  },
  {
    "name": "Require(3) node_modules/egg-jsonp/config/config.default.js",
    "start": 1650848151828,
    "end": 1650848151829,
    "duration": 1,
    "pid": 13739,
    "index": 7
  },
  {
    "name": "Require(4) node_modules/egg-onerror/config/config.default.js",
    "start": 1650848151830,
    "end": 1650848151830,
    "duration": 0,
    "pid": 13739,
    "index": 8
  },
  {
    "name": "Require(5) node_modules/egg-i18n/config/config.default.js",
    "start": 1650848151830,
    "end": 1650848151830,
    "duration": 0,
    "pid": 13739,
    "index": 9
  },
  {
    "name": "Require(6) node_modules/egg-watcher/config/config.default.js",
    "start": 1650848151831,
    "end": 1650848151831,
    "duration": 0,
    "pid": 13739,
    "index": 10
  },
  {
    "name": "Require(7) node_modules/egg-schedule/config/config.default.js",
    "start": 1650848151831,
    "end": 1650848151833,
    "duration": 2,
    "pid": 13739,
    "index": 11
  },
  {
    "name": "Require(8) node_modules/egg-multipart/config/config.default.js",
    "start": 1650848151833,
    "end": 1650848151834,
    "duration": 1,
    "pid": 13739,
    "index": 12
  },
  {
    "name": "Require(9) node_modules/egg-development/config/config.default.js",
    "start": 1650848151834,
    "end": 1650848151834,
    "duration": 0,
    "pid": 13739,
    "index": 13
  },
  {
    "name": "Require(10) node_modules/egg-logrotator/config/config.default.js",
    "start": 1650848151835,
    "end": 1650848151835,
    "duration": 0,
    "pid": 13739,
    "index": 14
  },
  {
    "name": "Require(11) node_modules/egg-static/config/config.default.js",
    "start": 1650848151836,
    "end": 1650848151836,
    "duration": 0,
    "pid": 13739,
    "index": 15
  },
  {
    "name": "Require(12) node_modules/egg-view/config/config.default.js",
    "start": 1650848151836,
    "end": 1650848151836,
    "duration": 0,
    "pid": 13739,
    "index": 16
  },
  {
    "name": "Require(13) node_modules/egg-view-nunjucks/config/config.default.js",
    "start": 1650848151837,
    "end": 1650848151837,
    "duration": 0,
    "pid": 13739,
    "index": 17
  },
  {
    "name": "Require(14) node_modules/egg-mysql/config/config.default.js",
    "start": 1650848151837,
    "end": 1650848151837,
    "duration": 0,
    "pid": 13739,
    "index": 18
  },
  {
    "name": "Require(15) node_modules/egg-mongoose/config/config.default.js",
    "start": 1650848151837,
    "end": 1650848151838,
    "duration": 1,
    "pid": 13739,
    "index": 19
  },
  {
    "name": "Require(16) node_modules/egg/config/config.default.js",
    "start": 1650848151838,
    "end": 1650848151838,
    "duration": 0,
    "pid": 13739,
    "index": 20
  },
  {
    "name": "Require(17) config/config.default.js",
    "start": 1650848151839,
    "end": 1650848151839,
    "duration": 0,
    "pid": 13739,
    "index": 21
  },
  {
    "name": "Require(18) node_modules/egg-security/config/config.local.js",
    "start": 1650848151840,
    "end": 1650848151840,
    "duration": 0,
    "pid": 13739,
    "index": 22
  },
  {
    "name": "Require(19) node_modules/egg-watcher/config/config.local.js",
    "start": 1650848151841,
    "end": 1650848151842,
    "duration": 1,
    "pid": 13739,
    "index": 23
  },
  {
    "name": "Require(20) node_modules/egg-view/config/config.local.js",
    "start": 1650848151842,
    "end": 1650848151842,
    "duration": 0,
    "pid": 13739,
    "index": 24
  },
  {
    "name": "Require(21) node_modules/egg-view-nunjucks/config/config.local.js",
    "start": 1650848151842,
    "end": 1650848151842,
    "duration": 0,
    "pid": 13739,
    "index": 25
  },
  {
    "name": "Require(22) node_modules/egg/config/config.local.js",
    "start": 1650848151842,
    "end": 1650848151842,
    "duration": 0,
    "pid": 13739,
    "index": 26
  },
  {
    "name": "Load extend/application.js",
    "start": 1650848151843,
    "end": 1650848151874,
    "duration": 31,
    "pid": 13739,
    "index": 27
  },
  {
    "name": "Require(23) node_modules/egg-session/app/extend/application.js",
    "start": 1650848151844,
    "end": 1650848151844,
    "duration": 0,
    "pid": 13739,
    "index": 28
  },
  {
    "name": "Require(24) node_modules/egg-security/app/extend/application.js",
    "start": 1650848151845,
    "end": 1650848151846,
    "duration": 1,
    "pid": 13739,
    "index": 29
  },
  {
    "name": "Require(25) node_modules/egg-jsonp/app/extend/application.js",
    "start": 1650848151846,
    "end": 1650848151849,
    "duration": 3,
    "pid": 13739,
    "index": 30
  },
  {
    "name": "Require(26) node_modules/egg-logrotator/app/extend/application.js",
    "start": 1650848151850,
    "end": 1650848151852,
    "duration": 2,
    "pid": 13739,
    "index": 31
  },
  {
    "name": "Require(27) node_modules/egg-view/app/extend/application.js",
    "start": 1650848151852,
    "end": 1650848151853,
    "duration": 1,
    "pid": 13739,
    "index": 32
  },
  {
    "name": "Require(28) node_modules/egg-view-nunjucks/app/extend/application.js",
    "start": 1650848151853,
    "end": 1650848151873,
    "duration": 20,
    "pid": 13739,
    "index": 33
  },
  {
    "name": "Load extend/request.js",
    "start": 1650848151874,
    "end": 1650848151875,
    "duration": 1,
    "pid": 13739,
    "index": 34
  },
  {
    "name": "Require(29) node_modules/egg/app/extend/request.js",
    "start": 1650848151874,
    "end": 1650848151875,
    "duration": 1,
    "pid": 13739,
    "index": 35
  },
  {
    "name": "Load extend/response.js",
    "start": 1650848151875,
    "end": 1650848151877,
    "duration": 2,
    "pid": 13739,
    "index": 36
  },
  {
    "name": "Require(30) node_modules/egg/app/extend/response.js",
    "start": 1650848151876,
    "end": 1650848151877,
    "duration": 1,
    "pid": 13739,
    "index": 37
  },
  {
    "name": "Load extend/context.js",
    "start": 1650848151877,
    "end": 1650848151912,
    "duration": 35,
    "pid": 13739,
    "index": 38
  },
  {
    "name": "Require(31) node_modules/egg-security/app/extend/context.js",
    "start": 1650848151877,
    "end": 1650848151881,
    "duration": 4,
    "pid": 13739,
    "index": 39
  },
  {
    "name": "Require(32) node_modules/egg-jsonp/app/extend/context.js",
    "start": 1650848151881,
    "end": 1650848151882,
    "duration": 1,
    "pid": 13739,
    "index": 40
  },
  {
    "name": "Require(33) node_modules/egg-i18n/app/extend/context.js",
    "start": 1650848151882,
    "end": 1650848151882,
    "duration": 0,
    "pid": 13739,
    "index": 41
  },
  {
    "name": "Require(34) node_modules/egg-multipart/app/extend/context.js",
    "start": 1650848151882,
    "end": 1650848151910,
    "duration": 28,
    "pid": 13739,
    "index": 42
  },
  {
    "name": "Require(35) node_modules/egg-view/app/extend/context.js",
    "start": 1650848151910,
    "end": 1650848151911,
    "duration": 1,
    "pid": 13739,
    "index": 43
  },
  {
    "name": "Require(36) node_modules/egg-mongoose/app/extend/context.js",
    "start": 1650848151911,
    "end": 1650848151911,
    "duration": 0,
    "pid": 13739,
    "index": 44
  },
  {
    "name": "Require(37) node_modules/egg/app/extend/context.js",
    "start": 1650848151911,
    "end": 1650848151912,
    "duration": 1,
    "pid": 13739,
    "index": 45
  },
  {
    "name": "Load extend/helper.js",
    "start": 1650848151912,
    "end": 1650848151922,
    "duration": 10,
    "pid": 13739,
    "index": 46
  },
  {
    "name": "Require(38) node_modules/egg-security/app/extend/helper.js",
    "start": 1650848151912,
    "end": 1650848151921,
    "duration": 9,
    "pid": 13739,
    "index": 47
  },
  {
    "name": "Require(39) node_modules/egg/app/extend/helper.js",
    "start": 1650848151921,
    "end": 1650848151921,
    "duration": 0,
    "pid": 13739,
    "index": 48
  },
  {
    "name": "Load app.js",
    "start": 1650848151922,
    "end": 1650848151947,
    "duration": 25,
    "pid": 13739,
    "index": 49
  },
  {
    "name": "Require(40) node_modules/egg-session/app.js",
    "start": 1650848151922,
    "end": 1650848151922,
    "duration": 0,
    "pid": 13739,
    "index": 50
  },
  {
    "name": "Require(41) node_modules/egg-security/app.js",
    "start": 1650848151923,
    "end": 1650848151923,
    "duration": 0,
    "pid": 13739,
    "index": 51
  },
  {
    "name": "Require(42) node_modules/egg-onerror/app.js",
    "start": 1650848151924,
    "end": 1650848151928,
    "duration": 4,
    "pid": 13739,
    "index": 52
  },
  {
    "name": "Require(43) node_modules/egg-i18n/app.js",
    "start": 1650848151929,
    "end": 1650848151935,
    "duration": 6,
    "pid": 13739,
    "index": 53
  },
  {
    "name": "Require(44) node_modules/egg-watcher/app.js",
    "start": 1650848151935,
    "end": 1650848151936,
    "duration": 1,
    "pid": 13739,
    "index": 54
  },
  {
    "name": "Require(45) node_modules/egg-schedule/app.js",
    "start": 1650848151936,
    "end": 1650848151937,
    "duration": 1,
    "pid": 13739,
    "index": 55
  },
  {
    "name": "Require(46) node_modules/egg-multipart/app.js",
    "start": 1650848151937,
    "end": 1650848151937,
    "duration": 0,
    "pid": 13739,
    "index": 56
  },
  {
    "name": "Require(47) node_modules/egg-development/app.js",
    "start": 1650848151937,
    "end": 1650848151938,
    "duration": 1,
    "pid": 13739,
    "index": 57
  },
  {
    "name": "Require(48) node_modules/egg-logrotator/app.js",
    "start": 1650848151938,
    "end": 1650848151938,
    "duration": 0,
    "pid": 13739,
    "index": 58
  },
  {
    "name": "Require(49) node_modules/egg-static/app.js",
    "start": 1650848151938,
    "end": 1650848151938,
    "duration": 0,
    "pid": 13739,
    "index": 59
  },
  {
    "name": "Require(50) node_modules/egg-view-nunjucks/app.js",
    "start": 1650848151938,
    "end": 1650848151938,
    "duration": 0,
    "pid": 13739,
    "index": 60
  },
  {
    "name": "Require(51) node_modules/egg-mysql/app.js",
    "start": 1650848151939,
    "end": 1650848151947,
    "duration": 8,
    "pid": 13739,
    "index": 61
  },
  {
    "name": "Require(52) node_modules/egg-mongoose/app.js",
    "start": 1650848151947,
    "end": 1650848151947,
    "duration": 0,
    "pid": 13739,
    "index": 62
  },
  {
    "name": "Before Start in node_modules/egg-watcher/lib/init.js:15:14",
    "start": 1650848151952,
    "end": 1650848152254,
    "duration": 302,
    "pid": 13739,
    "index": 63
  },
  {
    "name": "Before Start in node_modules/egg-mongoose/lib/mongoose.js:104:7",
    "start": 1650848152157,
    "end": 1650848152853,
    "duration": 696,
    "pid": 13739,
    "index": 64
  },
  {
    "name": "Before Start in node_modules/egg-mongoose/lib/mongoose.js:52:9",
    "start": 1650848152157,
    "end": 1650848152247,
    "duration": 90,
    "pid": 13739,
    "index": 65
  },
  {
    "name": "Load Service",
    "start": 1650848152157,
    "end": 1650848152161,
    "duration": 4,
    "pid": 13739,
    "index": 66
  },
  {
    "name": "Load \"service\" to Context",
    "start": 1650848152158,
    "end": 1650848152161,
    "duration": 3,
    "pid": 13739,
    "index": 67
  },
  {
    "name": "Load Middleware",
    "start": 1650848152161,
    "end": 1650848152223,
    "duration": 62,
    "pid": 13739,
    "index": 68
  },
  {
    "name": "Load \"middlewares\" to Application",
    "start": 1650848152161,
    "end": 1650848152211,
    "duration": 50,
    "pid": 13739,
    "index": 69
  },
  {
    "name": "Load Controller",
    "start": 1650848152223,
    "end": 1650848152226,
    "duration": 3,
    "pid": 13739,
    "index": 70
  },
  {
    "name": "Load \"controller\" to Application",
    "start": 1650848152223,
    "end": 1650848152226,
    "duration": 3,
    "pid": 13739,
    "index": 71
  },
  {
    "name": "Load Router",
    "start": 1650848152226,
    "end": 1650848152228,
    "duration": 2,
    "pid": 13739,
    "index": 72
  },
  {
    "name": "Require(53) app/router.js",
    "start": 1650848152226,
    "end": 1650848152226,
    "duration": 0,
    "pid": 13739,
    "index": 73
  },
  {
    "name": "Before Start in node_modules/egg-core/lib/egg.js:303:10",
    "start": 1650848152227,
    "end": 1650848152247,
    "duration": 20,
    "pid": 13739,
    "index": 74
  },
  {
    "name": "Load \"model\" to Application",
    "start": 1650848152233,
    "end": 1650848152247,
    "duration": 14,
    "pid": 13739,
    "index": 75
  }
]