[
  {
    "name": "Process Start",
    "start": 1650846477192,
    "end": 1650846477955,
    "duration": 763,
    "pid": 5512,
    "index": 0
  },
  {
    "name": "Application Start",
    "start": 1650846477956,
    "end": 1650846479093,
    "duration": 1137,
    "pid": 5512,
    "index": 1
  },
  {
    "name": "Load Plugin",
    "start": 1650846477961,
    "end": 1650846477982,
    "duration": 21,
    "pid": 5512,
    "index": 2
  },
  {
    "name": "Load Config",
    "start": 1650846477982,
    "end": 1650846478006,
    "duration": 24,
    "pid": 5512,
    "index": 3
  },
  {
    "name": "Require(0) config/config.default.js",
    "start": 1650846477983,
    "end": 1650846477984,
    "duration": 1,
    "pid": 5512,
    "index": 4
  },
  {
    "name": "Require(1) node_modules/egg-session/config/config.default.js",
    "start": 1650846477986,
    "end": 1650846477987,
    "duration": 1,
    "pid": 5512,
    "index": 5
  },
  {
    "name": "Require(2) node_modules/egg-security/config/config.default.js",
    "start": 1650846477987,
    "end": 1650846477987,
    "duration": 0,
    "pid": 5512,
    "index": 6
  },
  {
    "name": "Require(3) node_modules/egg-jsonp/config/config.default.js",
    "start": 1650846477989,
    "end": 1650846477990,
    "duration": 1,
    "pid": 5512,
    "index": 7
  },
  {
    "name": "Require(4) node_modules/egg-onerror/config/config.default.js",
    "start": 1650846477991,
    "end": 1650846477991,
    "duration": 0,
    "pid": 5512,
    "index": 8
  },
  {
    "name": "Require(5) node_modules/egg-i18n/config/config.default.js",
    "start": 1650846477991,
    "end": 1650846477992,
    "duration": 1,
    "pid": 5512,
    "index": 9
  },
  {
    "name": "Require(6) node_modules/egg-watcher/config/config.default.js",
    "start": 1650846477992,
    "end": 1650846477993,
    "duration": 1,
    "pid": 5512,
    "index": 10
  },
  {
    "name": "Require(7) node_modules/egg-schedule/config/config.default.js",
    "start": 1650846477993,
    "end": 1650846477994,
    "duration": 1,
    "pid": 5512,
    "index": 11
  },
  {
    "name": "Require(8) node_modules/egg-multipart/config/config.default.js",
    "start": 1650846477994,
    "end": 1650846477995,
    "duration": 1,
    "pid": 5512,
    "index": 12
  },
  {
    "name": "Require(9) node_modules/egg-development/config/config.default.js",
    "start": 1650846477995,
    "end": 1650846477996,
    "duration": 1,
    "pid": 5512,
    "index": 13
  },
  {
    "name": "Require(10) node_modules/egg-logrotator/config/config.default.js",
    "start": 1650846477996,
    "end": 1650846477997,
    "duration": 1,
    "pid": 5512,
    "index": 14
  },
  {
    "name": "Require(11) node_modules/egg-static/config/config.default.js",
    "start": 1650846477997,
    "end": 1650846477997,
    "duration": 0,
    "pid": 5512,
    "index": 15
  },
  {
    "name": "Require(12) node_modules/egg-view/config/config.default.js",
    "start": 1650846477998,
    "end": 1650846477998,
    "duration": 0,
    "pid": 5512,
    "index": 16
  },
  {
    "name": "Require(13) node_modules/egg-view-nunjucks/config/config.default.js",
    "start": 1650846477999,
    "end": 1650846477999,
    "duration": 0,
    "pid": 5512,
    "index": 17
  },
  {
    "name": "Require(14) node_modules/egg-mysql/config/config.default.js",
    "start": 1650846477999,
    "end": 1650846478000,
    "duration": 1,
    "pid": 5512,
    "index": 18
  },
  {
    "name": "Require(15) node_modules/egg-mongoose/config/config.default.js",
    "start": 1650846478000,
    "end": 1650846478000,
    "duration": 0,
    "pid": 5512,
    "index": 19
  },
  {
    "name": "Require(16) node_modules/egg/config/config.default.js",
    "start": 1650846478001,
    "end": 1650846478001,
    "duration": 0,
    "pid": 5512,
    "index": 20
  },
  {
    "name": "Require(17) config/config.default.js",
    "start": 1650846478002,
    "end": 1650846478002,
    "duration": 0,
    "pid": 5512,
    "index": 21
  },
  {
    "name": "Require(18) node_modules/egg-security/config/config.local.js",
    "start": 1650846478002,
    "end": 1650846478003,
    "duration": 1,
    "pid": 5512,
    "index": 22
  },
  {
    "name": "Require(19) node_modules/egg-watcher/config/config.local.js",
    "start": 1650846478004,
    "end": 1650846478004,
    "duration": 0,
    "pid": 5512,
    "index": 23
  },
  {
    "name": "Require(20) node_modules/egg-view/config/config.local.js",
    "start": 1650846478004,
    "end": 1650846478005,
    "duration": 1,
    "pid": 5512,
    "index": 24
  },
  {
    "name": "Require(21) node_modules/egg-view-nunjucks/config/config.local.js",
    "start": 1650846478005,
    "end": 1650846478005,
    "duration": 0,
    "pid": 5512,
    "index": 25
  },
  {
    "name": "Require(22) node_modules/egg/config/config.local.js",
    "start": 1650846478005,
    "end": 1650846478006,
    "duration": 1,
    "pid": 5512,
    "index": 26
  },
  {
    "name": "Load extend/application.js",
    "start": 1650846478007,
    "end": 1650846478034,
    "duration": 27,
    "pid": 5512,
    "index": 27
  },
  {
    "name": "Require(23) node_modules/egg-session/app/extend/application.js",
    "start": 1650846478007,
    "end": 1650846478008,
    "duration": 1,
    "pid": 5512,
    "index": 28
  },
  {
    "name": "Require(24) node_modules/egg-security/app/extend/application.js",
    "start": 1650846478010,
    "end": 1650846478014,
    "duration": 4,
    "pid": 5512,
    "index": 29
  },
  {
    "name": "Require(25) node_modules/egg-jsonp/app/extend/application.js",
    "start": 1650846478014,
    "end": 1650846478015,
    "duration": 1,
    "pid": 5512,
    "index": 30
  },
  {
    "name": "Require(26) node_modules/egg-logrotator/app/extend/application.js",
    "start": 1650846478016,
    "end": 1650846478016,
    "duration": 0,
    "pid": 5512,
    "index": 31
  },
  {
    "name": "Require(27) node_modules/egg-view/app/extend/application.js",
    "start": 1650846478016,
    "end": 1650846478017,
    "duration": 1,
    "pid": 5512,
    "index": 32
  },
  {
    "name": "Require(28) node_modules/egg-view-nunjucks/app/extend/application.js",
    "start": 1650846478017,
    "end": 1650846478033,
    "duration": 16,
    "pid": 5512,
    "index": 33
  },
  {
    "name": "Load extend/request.js",
    "start": 1650846478034,
    "end": 1650846478035,
    "duration": 1,
    "pid": 5512,
    "index": 34
  },
  {
    "name": "Require(29) node_modules/egg/app/extend/request.js",
    "start": 1650846478034,
    "end": 1650846478035,
    "duration": 1,
    "pid": 5512,
    "index": 35
  },
  {
    "name": "Load extend/response.js",
    "start": 1650846478035,
    "end": 1650846478037,
    "duration": 2,
    "pid": 5512,
    "index": 36
  },
  {
    "name": "Require(30) node_modules/egg/app/extend/response.js",
    "start": 1650846478036,
    "end": 1650846478037,
    "duration": 1,
    "pid": 5512,
    "index": 37
  },
  {
    "name": "Load extend/context.js",
    "start": 1650846478037,
    "end": 1650846478077,
    "duration": 40,
    "pid": 5512,
    "index": 38
  },
  {
    "name": "Require(31) node_modules/egg-security/app/extend/context.js",
    "start": 1650846478037,
    "end": 1650846478041,
    "duration": 4,
    "pid": 5512,
    "index": 39
  },
  {
    "name": "Require(32) node_modules/egg-jsonp/app/extend/context.js",
    "start": 1650846478041,
    "end": 1650846478042,
    "duration": 1,
    "pid": 5512,
    "index": 40
  },
  {
    "name": "Require(33) node_modules/egg-i18n/app/extend/context.js",
    "start": 1650846478042,
    "end": 1650846478043,
    "duration": 1,
    "pid": 5512,
    "index": 41
  },
  {
    "name": "Require(34) node_modules/egg-multipart/app/extend/context.js",
    "start": 1650846478043,
    "end": 1650846478074,
    "duration": 31,
    "pid": 5512,
    "index": 42
  },
  {
    "name": "Require(35) node_modules/egg-view/app/extend/context.js",
    "start": 1650846478075,
    "end": 1650846478075,
    "duration": 0,
    "pid": 5512,
    "index": 43
  },
  {
    "name": "Require(36) node_modules/egg-mongoose/app/extend/context.js",
    "start": 1650846478075,
    "end": 1650846478076,
    "duration": 1,
    "pid": 5512,
    "index": 44
  },
  {
    "name": "Require(37) node_modules/egg/app/extend/context.js",
    "start": 1650846478076,
    "end": 1650846478076,
    "duration": 0,
    "pid": 5512,
    "index": 45
  },
  {
    "name": "Load extend/helper.js",
    "start": 1650846478077,
    "end": 1650846478100,
    "duration": 23,
    "pid": 5512,
    "index": 46
  },
  {
    "name": "Require(38) node_modules/egg-security/app/extend/helper.js",
    "start": 1650846478077,
    "end": 1650846478097,
    "duration": 20,
    "pid": 5512,
    "index": 47
  },
  {
    "name": "Require(39) node_modules/egg/app/extend/helper.js",
    "start": 1650846478098,
    "end": 1650846478099,
    "duration": 1,
    "pid": 5512,
    "index": 48
  },
  {
    "name": "Load app.js",
    "start": 1650846478100,
    "end": 1650846478137,
    "duration": 37,
    "pid": 5512,
    "index": 49
  },
  {
    "name": "Require(40) node_modules/egg-session/app.js",
    "start": 1650846478100,
    "end": 1650846478101,
    "duration": 1,
    "pid": 5512,
    "index": 50
  },
  {
    "name": "Require(41) node_modules/egg-security/app.js",
    "start": 1650846478102,
    "end": 1650846478103,
    "duration": 1,
    "pid": 5512,
    "index": 51
  },
  {
    "name": "Require(42) node_modules/egg-onerror/app.js",
    "start": 1650846478103,
    "end": 1650846478108,
    "duration": 5,
    "pid": 5512,
    "index": 52
  },
  {
    "name": "Require(43) node_modules/egg-i18n/app.js",
    "start": 1650846478108,
    "end": 1650846478119,
    "duration": 11,
    "pid": 5512,
    "index": 53
  },
  {
    "name": "Require(44) node_modules/egg-watcher/app.js",
    "start": 1650846478119,
    "end": 1650846478122,
    "duration": 3,
    "pid": 5512,
    "index": 54
  },
  {
    "name": "Require(45) node_modules/egg-schedule/app.js",
    "start": 1650846478122,
    "end": 1650846478123,
    "duration": 1,
    "pid": 5512,
    "index": 55
  },
  {
    "name": "Require(46) node_modules/egg-multipart/app.js",
    "start": 1650846478123,
    "end": 1650846478123,
    "duration": 0,
    "pid": 5512,
    "index": 56
  },
  {
    "name": "Require(47) node_modules/egg-development/app.js",
    "start": 1650846478123,
    "end": 1650846478123,
    "duration": 0,
    "pid": 5512,
    "index": 57
  },
  {
    "name": "Require(48) node_modules/egg-logrotator/app.js",
    "start": 1650846478124,
    "end": 1650846478124,
    "duration": 0,
    "pid": 5512,
    "index": 58
  },
  {
    "name": "Require(49) node_modules/egg-static/app.js",
    "start": 1650846478124,
    "end": 1650846478124,
    "duration": 0,
    "pid": 5512,
    "index": 59
  },
  {
    "name": "Require(50) node_modules/egg-view-nunjucks/app.js",
    "start": 1650846478124,
    "end": 1650846478124,
    "duration": 0,
    "pid": 5512,
    "index": 60
  },
  {
    "name": "Require(51) node_modules/egg-mysql/app.js",
    "start": 1650846478125,
    "end": 1650846478136,
    "duration": 11,
    "pid": 5512,
    "index": 61
  },
  {
    "name": "Require(52) node_modules/egg-mongoose/app.js",
    "start": 1650846478136,
    "end": 1650846478136,
    "duration": 0,
    "pid": 5512,
    "index": 62
  },
  {
    "name": "Before Start in node_modules/egg-watcher/lib/init.js:15:14",
    "start": 1650846478143,
    "end": 1650846478522,
    "duration": 379,
    "pid": 5512,
    "index": 63
  },
  {
    "name": "Before Start in node_modules/egg-mongoose/lib/mongoose.js:104:7",
    "start": 1650846478384,
    "end": 1650846479093,
    "duration": 709,
    "pid": 5512,
    "index": 64
  },
  {
    "name": "Before Start in node_modules/egg-mongoose/lib/mongoose.js:52:9",
    "start": 1650846478385,
    "end": 1650846478514,
    "duration": 129,
    "pid": 5512,
    "index": 65
  },
  {
    "name": "Load Service",
    "start": 1650846478385,
    "end": 1650846478409,
    "duration": 24,
    "pid": 5512,
    "index": 66
  },
  {
    "name": "Load \"service\" to Context",
    "start": 1650846478385,
    "end": 1650846478409,
    "duration": 24,
    "pid": 5512,
    "index": 67
  },
  {
    "name": "Load Middleware",
    "start": 1650846478409,
    "end": 1650846478489,
    "duration": 80,
    "pid": 5512,
    "index": 68
  },
  {
    "name": "Load \"middlewares\" to Application",
    "start": 1650846478409,
    "end": 1650846478476,
    "duration": 67,
    "pid": 5512,
    "index": 69
  },
  {
    "name": "Load Controller",
    "start": 1650846478489,
    "end": 1650846478492,
    "duration": 3,
    "pid": 5512,
    "index": 70
  },
  {
    "name": "Load \"controller\" to Application",
    "start": 1650846478489,
    "end": 1650846478492,
    "duration": 3,
    "pid": 5512,
    "index": 71
  },
  {
    "name": "Load Router",
    "start": 1650846478492,
    "end": 1650846478494,
    "duration": 2,
    "pid": 5512,
    "index": 72
  },
  {
    "name": "Require(53) app/router.js",
    "start": 1650846478492,
    "end": 1650846478493,
    "duration": 1,
    "pid": 5512,
    "index": 73
  },
  {
    "name": "Before Start in node_modules/egg-core/lib/egg.js:303:10",
    "start": 1650846478493,
    "end": 1650846478514,
    "duration": 21,
    "pid": 5512,
    "index": 74
  },
  {
    "name": "Load \"model\" to Application",
    "start": 1650846478501,
    "end": 1650846478514,
    "duration": 13,
    "pid": 5512,
    "index": 75
  }
]