[
  {
    "name": "Process Start",
    "start": 1650850166386,
    "end": 1650850167158,
    "duration": 772,
    "pid": 23606,
    "index": 0
  },
  {
    "name": "Application Start",
    "start": 1650850167158,
    "end": 1650850168281,
    "duration": 1123,
    "pid": 23606,
    "index": 1
  },
  {
    "name": "Load Plugin",
    "start": 1650850167163,
    "end": 1650850167176,
    "duration": 13,
    "pid": 23606,
    "index": 2
  },
  {
    "name": "Load Config",
    "start": 1650850167176,
    "end": 1650850167198,
    "duration": 22,
    "pid": 23606,
    "index": 3
  },
  {
    "name": "Require(0) config/config.default.js",
    "start": 1650850167176,
    "end": 1650850167177,
    "duration": 1,
    "pid": 23606,
    "index": 4
  },
  {
    "name": "Require(1) node_modules/egg-session/config/config.default.js",
    "start": 1650850167180,
    "end": 1650850167181,
    "duration": 1,
    "pid": 23606,
    "index": 5
  },
  {
    "name": "Require(2) node_modules/egg-security/config/config.default.js",
    "start": 1650850167181,
    "end": 1650850167181,
    "duration": 0,
    "pid": 23606,
    "index": 6
  },
  {
    "name": "Require(3) node_modules/egg-jsonp/config/config.default.js",
    "start": 1650850167183,
    "end": 1650850167183,
    "duration": 0,
    "pid": 23606,
    "index": 7
  },
  {
    "name": "Require(4) node_modules/egg-onerror/config/config.default.js",
    "start": 1650850167183,
    "end": 1650850167184,
    "duration": 1,
    "pid": 23606,
    "index": 8
  },
  {
    "name": "Require(5) node_modules/egg-i18n/config/config.default.js",
    "start": 1650850167184,
    "end": 1650850167184,
    "duration": 0,
    "pid": 23606,
    "index": 9
  },
  {
    "name": "Require(6) node_modules/egg-watcher/config/config.default.js",
    "start": 1650850167185,
    "end": 1650850167185,
    "duration": 0,
    "pid": 23606,
    "index": 10
  },
  {
    "name": "Require(7) node_modules/egg-schedule/config/config.default.js",
    "start": 1650850167185,
    "end": 1650850167185,
    "duration": 0,
    "pid": 23606,
    "index": 11
  },
  {
    "name": "Require(8) node_modules/egg-multipart/config/config.default.js",
    "start": 1650850167186,
    "end": 1650850167186,
    "duration": 0,
    "pid": 23606,
    "index": 12
  },
  {
    "name": "Require(9) node_modules/egg-development/config/config.default.js",
    "start": 1650850167186,
    "end": 1650850167187,
    "duration": 1,
    "pid": 23606,
    "index": 13
  },
  {
    "name": "Require(10) node_modules/egg-logrotator/config/config.default.js",
    "start": 1650850167187,
    "end": 1650850167187,
    "duration": 0,
    "pid": 23606,
    "index": 14
  },
  {
    "name": "Require(11) node_modules/egg-static/config/config.default.js",
    "start": 1650850167187,
    "end": 1650850167188,
    "duration": 1,
    "pid": 23606,
    "index": 15
  },
  {
    "name": "Require(12) node_modules/egg-view/config/config.default.js",
    "start": 1650850167188,
    "end": 1650850167188,
    "duration": 0,
    "pid": 23606,
    "index": 16
  },
  {
    "name": "Require(13) node_modules/egg-view-nunjucks/config/config.default.js",
    "start": 1650850167189,
    "end": 1650850167189,
    "duration": 0,
    "pid": 23606,
    "index": 17
  },
  {
    "name": "Require(14) node_modules/egg-mysql/config/config.default.js",
    "start": 1650850167189,
    "end": 1650850167190,
    "duration": 1,
    "pid": 23606,
    "index": 18
  },
  {
    "name": "Require(15) node_modules/egg-mongoose/config/config.default.js",
    "start": 1650850167190,
    "end": 1650850167190,
    "duration": 0,
    "pid": 23606,
    "index": 19
  },
  {
    "name": "Require(16) node_modules/egg/config/config.default.js",
    "start": 1650850167190,
    "end": 1650850167191,
    "duration": 1,
    "pid": 23606,
    "index": 20
  },
  {
    "name": "Require(17) config/config.default.js",
    "start": 1650850167192,
    "end": 1650850167192,
    "duration": 0,
    "pid": 23606,
    "index": 21
  },
  {
    "name": "Require(18) node_modules/egg-security/config/config.local.js",
    "start": 1650850167192,
    "end": 1650850167192,
    "duration": 0,
    "pid": 23606,
    "index": 22
  },
  {
    "name": "Require(19) node_modules/egg-watcher/config/config.local.js",
    "start": 1650850167194,
    "end": 1650850167194,
    "duration": 0,
    "pid": 23606,
    "index": 23
  },
  {
    "name": "Require(20) node_modules/egg-view/config/config.local.js",
    "start": 1650850167194,
    "end": 1650850167195,
    "duration": 1,
    "pid": 23606,
    "index": 24
  },
  {
    "name": "Require(21) node_modules/egg-view-nunjucks/config/config.local.js",
    "start": 1650850167195,
    "end": 1650850167196,
    "duration": 1,
    "pid": 23606,
    "index": 25
  },
  {
    "name": "Require(22) node_modules/egg/config/config.local.js",
    "start": 1650850167197,
    "end": 1650850167197,
    "duration": 0,
    "pid": 23606,
    "index": 26
  },
  {
    "name": "Load extend/application.js",
    "start": 1650850167198,
    "end": 1650850167231,
    "duration": 33,
    "pid": 23606,
    "index": 27
  },
  {
    "name": "Require(23) node_modules/egg-session/app/extend/application.js",
    "start": 1650850167199,
    "end": 1650850167200,
    "duration": 1,
    "pid": 23606,
    "index": 28
  },
  {
    "name": "Require(24) node_modules/egg-security/app/extend/application.js",
    "start": 1650850167201,
    "end": 1650850167203,
    "duration": 2,
    "pid": 23606,
    "index": 29
  },
  {
    "name": "Require(25) node_modules/egg-jsonp/app/extend/application.js",
    "start": 1650850167203,
    "end": 1650850167204,
    "duration": 1,
    "pid": 23606,
    "index": 30
  },
  {
    "name": "Require(26) node_modules/egg-logrotator/app/extend/application.js",
    "start": 1650850167204,
    "end": 1650850167205,
    "duration": 1,
    "pid": 23606,
    "index": 31
  },
  {
    "name": "Require(27) node_modules/egg-view/app/extend/application.js",
    "start": 1650850167205,
    "end": 1650850167207,
    "duration": 2,
    "pid": 23606,
    "index": 32
  },
  {
    "name": "Require(28) node_modules/egg-view-nunjucks/app/extend/application.js",
    "start": 1650850167207,
    "end": 1650850167230,
    "duration": 23,
    "pid": 23606,
    "index": 33
  },
  {
    "name": "Load extend/request.js",
    "start": 1650850167231,
    "end": 1650850167233,
    "duration": 2,
    "pid": 23606,
    "index": 34
  },
  {
    "name": "Require(29) node_modules/egg/app/extend/request.js",
    "start": 1650850167232,
    "end": 1650850167232,
    "duration": 0,
    "pid": 23606,
    "index": 35
  },
  {
    "name": "Load extend/response.js",
    "start": 1650850167233,
    "end": 1650850167235,
    "duration": 2,
    "pid": 23606,
    "index": 36
  },
  {
    "name": "Require(30) node_modules/egg/app/extend/response.js",
    "start": 1650850167234,
    "end": 1650850167234,
    "duration": 0,
    "pid": 23606,
    "index": 37
  },
  {
    "name": "Load extend/context.js",
    "start": 1650850167235,
    "end": 1650850167285,
    "duration": 50,
    "pid": 23606,
    "index": 38
  },
  {
    "name": "Require(31) node_modules/egg-security/app/extend/context.js",
    "start": 1650850167235,
    "end": 1650850167240,
    "duration": 5,
    "pid": 23606,
    "index": 39
  },
  {
    "name": "Require(32) node_modules/egg-jsonp/app/extend/context.js",
    "start": 1650850167241,
    "end": 1650850167241,
    "duration": 0,
    "pid": 23606,
    "index": 40
  },
  {
    "name": "Require(33) node_modules/egg-i18n/app/extend/context.js",
    "start": 1650850167241,
    "end": 1650850167242,
    "duration": 1,
    "pid": 23606,
    "index": 41
  },
  {
    "name": "Require(34) node_modules/egg-multipart/app/extend/context.js",
    "start": 1650850167242,
    "end": 1650850167282,
    "duration": 40,
    "pid": 23606,
    "index": 42
  },
  {
    "name": "Require(35) node_modules/egg-view/app/extend/context.js",
    "start": 1650850167283,
    "end": 1650850167284,
    "duration": 1,
    "pid": 23606,
    "index": 43
  },
  {
    "name": "Require(36) node_modules/egg-mongoose/app/extend/context.js",
    "start": 1650850167284,
    "end": 1650850167284,
    "duration": 0,
    "pid": 23606,
    "index": 44
  },
  {
    "name": "Require(37) node_modules/egg/app/extend/context.js",
    "start": 1650850167284,
    "end": 1650850167285,
    "duration": 1,
    "pid": 23606,
    "index": 45
  },
  {
    "name": "Load extend/helper.js",
    "start": 1650850167285,
    "end": 1650850167296,
    "duration": 11,
    "pid": 23606,
    "index": 46
  },
  {
    "name": "Require(38) node_modules/egg-security/app/extend/helper.js",
    "start": 1650850167285,
    "end": 1650850167294,
    "duration": 9,
    "pid": 23606,
    "index": 47
  },
  {
    "name": "Require(39) node_modules/egg/app/extend/helper.js",
    "start": 1650850167295,
    "end": 1650850167295,
    "duration": 0,
    "pid": 23606,
    "index": 48
  },
  {
    "name": "Load app.js",
    "start": 1650850167296,
    "end": 1650850167332,
    "duration": 36,
    "pid": 23606,
    "index": 49
  },
  {
    "name": "Require(40) node_modules/egg-session/app.js",
    "start": 1650850167296,
    "end": 1650850167296,
    "duration": 0,
    "pid": 23606,
    "index": 50
  },
  {
    "name": "Require(41) node_modules/egg-security/app.js",
    "start": 1650850167297,
    "end": 1650850167298,
    "duration": 1,
    "pid": 23606,
    "index": 51
  },
  {
    "name": "Require(42) node_modules/egg-onerror/app.js",
    "start": 1650850167298,
    "end": 1650850167302,
    "duration": 4,
    "pid": 23606,
    "index": 52
  },
  {
    "name": "Require(43) node_modules/egg-i18n/app.js",
    "start": 1650850167302,
    "end": 1650850167309,
    "duration": 7,
    "pid": 23606,
    "index": 53
  },
  {
    "name": "Require(44) node_modules/egg-watcher/app.js",
    "start": 1650850167310,
    "end": 1650850167312,
    "duration": 2,
    "pid": 23606,
    "index": 54
  },
  {
    "name": "Require(45) node_modules/egg-schedule/app.js",
    "start": 1650850167312,
    "end": 1650850167313,
    "duration": 1,
    "pid": 23606,
    "index": 55
  },
  {
    "name": "Require(46) node_modules/egg-multipart/app.js",
    "start": 1650850167313,
    "end": 1650850167313,
    "duration": 0,
    "pid": 23606,
    "index": 56
  },
  {
    "name": "Require(47) node_modules/egg-development/app.js",
    "start": 1650850167313,
    "end": 1650850167314,
    "duration": 1,
    "pid": 23606,
    "index": 57
  },
  {
    "name": "Require(48) node_modules/egg-logrotator/app.js",
    "start": 1650850167314,
    "end": 1650850167314,
    "duration": 0,
    "pid": 23606,
    "index": 58
  },
  {
    "name": "Require(49) node_modules/egg-static/app.js",
    "start": 1650850167314,
    "end": 1650850167314,
    "duration": 0,
    "pid": 23606,
    "index": 59
  },
  {
    "name": "Require(50) node_modules/egg-view-nunjucks/app.js",
    "start": 1650850167314,
    "end": 1650850167314,
    "duration": 0,
    "pid": 23606,
    "index": 60
  },
  {
    "name": "Require(51) node_modules/egg-mysql/app.js",
    "start": 1650850167315,
    "end": 1650850167331,
    "duration": 16,
    "pid": 23606,
    "index": 61
  },
  {
    "name": "Require(52) node_modules/egg-mongoose/app.js",
    "start": 1650850167332,
    "end": 1650850167332,
    "duration": 0,
    "pid": 23606,
    "index": 62
  },
  {
    "name": "Before Start in node_modules/egg-watcher/lib/init.js:15:14",
    "start": 1650850167337,
    "end": 1650850167743,
    "duration": 406,
    "pid": 23606,
    "index": 63
  },
  {
    "name": "Before Start in node_modules/egg-mongoose/lib/mongoose.js:104:7",
    "start": 1650850167586,
    "end": 1650850168281,
    "duration": 695,
    "pid": 23606,
    "index": 64
  },
  {
    "name": "Before Start in node_modules/egg-mongoose/lib/mongoose.js:52:9",
    "start": 1650850167586,
    "end": 1650850167730,
    "duration": 144,
    "pid": 23606,
    "index": 65
  },
  {
    "name": "Load Service",
    "start": 1650850167586,
    "end": 1650850167589,
    "duration": 3,
    "pid": 23606,
    "index": 66
  },
  {
    "name": "Load \"service\" to Context",
    "start": 1650850167586,
    "end": 1650850167589,
    "duration": 3,
    "pid": 23606,
    "index": 67
  },
  {
    "name": "Load Middleware",
    "start": 1650850167589,
    "end": 1650850167696,
    "duration": 107,
    "pid": 23606,
    "index": 68
  },
  {
    "name": "Load \"middlewares\" to Application",
    "start": 1650850167589,
    "end": 1650850167681,
    "duration": 92,
    "pid": 23606,
    "index": 69
  },
  {
    "name": "Load Controller",
    "start": 1650850167696,
    "end": 1650850167702,
    "duration": 6,
    "pid": 23606,
    "index": 70
  },
  {
    "name": "Load \"controller\" to Application",
    "start": 1650850167696,
    "end": 1650850167702,
    "duration": 6,
    "pid": 23606,
    "index": 71
  },
  {
    "name": "Load Router",
    "start": 1650850167702,
    "end": 1650850167704,
    "duration": 2,
    "pid": 23606,
    "index": 72
  },
  {
    "name": "Require(53) app/router.js",
    "start": 1650850167702,
    "end": 1650850167702,
    "duration": 0,
    "pid": 23606,
    "index": 73
  },
  {
    "name": "Before Start in node_modules/egg-core/lib/egg.js:303:10",
    "start": 1650850167702,
    "end": 1650850167730,
    "duration": 28,
    "pid": 23606,
    "index": 74
  },
  {
    "name": "Load \"model\" to Application",
    "start": 1650850167714,
    "end": 1650850167730,
    "duration": 16,
    "pid": 23606,
    "index": 75
  }
]