{
  "view": {
    "mapping": {
      ".html": "/Users/lizheyu/Desktop/bus-dev/yuangong-egg/config/config.default.js",
      ".htm": "/Users/lizheyu/Desktop/bus-dev/yuangong-egg/config/config.default.js"
    },
    "root": "/Users/lizheyu/Desktop/bus-dev/yuangong-egg/config/config.default.js",
    "cache": "/Users/lizheyu/Desktop/bus-dev/yuangong-egg/node_modules/egg-view/config/config.local.js",
    "defaultExtension": "/Users/lizheyu/Desktop/bus-dev/yuangong-egg/node_modules/egg-view/config/config.default.js",
    "defaultViewEngine": "/Users/lizheyu/Desktop/bus-dev/yuangong-egg/node_modules/egg-view/config/config.default.js"
  },
  "keys": "/Users/lizheyu/Desktop/bus-dev/yuangong-egg/config/config.default.js",
  "middleware": "/Users/lizheyu/Desktop/bus-dev/yuangong-egg/config/config.default.js",
  "assets": "/Users/lizheyu/Desktop/bus-dev/yuangong-egg/config/config.default.js",
  "mongoose": {
    "client": {
      "url": "/Users/lizheyu/Desktop/bus-dev/yuangong-egg/config/config.default.js",
      "options": "/Users/lizheyu/Desktop/bus-dev/yuangong-egg/config/config.default.js"
    },
    "url": "/Users/lizheyu/Desktop/bus-dev/yuangong-egg/node_modules/egg-mongoose/config/config.default.js",
    "options": "/Users/lizheyu/Desktop/bus-dev/yuangong-egg/node_modules/egg-mongoose/config/config.default.js",
    "plugins": "/Users/lizheyu/Desktop/bus-dev/yuangong-egg/node_modules/egg-mongoose/config/config.default.js",
    "loadModel": "/Users/lizheyu/Desktop/bus-dev/yuangong-egg/node_modules/egg-mongoose/config/config.default.js",
    "app": "/Users/lizheyu/Desktop/bus-dev/yuangong-egg/node_modules/egg-mongoose/config/config.default.js",
    "agent": "/Users/lizheyu/Desktop/bus-dev/yuangong-egg/node_modules/egg-mongoose/config/config.default.js"
  },
  "security": {
    "csrf": {
      "enable": "/Users/lizheyu/Desktop/bus-dev/yuangong-egg/config/config.default.js",
      "type": "/Users/lizheyu/Desktop/bus-dev/yuangong-egg/node_modules/egg-security/config/config.default.js",
      "ignoreJSON": "/Users/lizheyu/Desktop/bus-dev/yuangong-egg/node_modules/egg-security/config/config.default.js",
      "useSession": "/Users/lizheyu/Desktop/bus-dev/yuangong-egg/node_modules/egg-security/config/config.default.js",
      "cookieName": "/Users/lizheyu/Desktop/bus-dev/yuangong-egg/node_modules/egg-security/config/config.default.js",
      "sessionName": "/Users/lizheyu/Desktop/bus-dev/yuangong-egg/node_modules/egg-security/config/config.default.js",
      "headerName": "/Users/lizheyu/Desktop/bus-dev/yuangong-egg/node_modules/egg-security/config/config.default.js",
      "bodyName": "/Users/lizheyu/Desktop/bus-dev/yuangong-egg/node_modules/egg-security/config/config.default.js",
      "queryName": "/Users/lizheyu/Desktop/bus-dev/yuangong-egg/node_modules/egg-security/config/config.default.js",
      "refererWhiteList": "/Users/lizheyu/Desktop/bus-dev/yuangong-egg/node_modules/egg-security/config/config.default.js"
    },
    "domainWhiteList": "/Users/lizheyu/Desktop/bus-dev/yuangong-egg/node_modules/egg-security/config/config.default.js",
    "protocolWhiteList": "/Users/lizheyu/Desktop/bus-dev/yuangong-egg/node_modules/egg-security/config/config.default.js",
    "defaultMiddleware": "/Users/lizheyu/Desktop/bus-dev/yuangong-egg/node_modules/egg-security/config/config.default.js",
    "xframe": {
      "enable": "/Users/lizheyu/Desktop/bus-dev/yuangong-egg/node_modules/egg-security/config/config.default.js",
      "value": "/Users/lizheyu/Desktop/bus-dev/yuangong-egg/node_modules/egg-security/config/config.default.js"
    },
    "hsts": {
      "enable": "/Users/lizheyu/Desktop/bus-dev/yuangong-egg/node_modules/egg-security/config/config.local.js",
      "maxAge": "/Users/lizheyu/Desktop/bus-dev/yuangong-egg/node_modules/egg-security/config/config.default.js",
      "includeSubdomains": "/Users/lizheyu/Desktop/bus-dev/yuangong-egg/node_modules/egg-security/config/config.default.js"
    },
    "dta": {
      "enable": "/Users/lizheyu/Desktop/bus-dev/yuangong-egg/node_modules/egg-security/config/config.default.js"
    },
    "methodnoallow": {
      "enable": "/Users/lizheyu/Desktop/bus-dev/yuangong-egg/node_modules/egg-security/config/config.default.js"
    },
    "noopen": {
      "enable": "/Users/lizheyu/Desktop/bus-dev/yuangong-egg/node_modules/egg-security/config/config.default.js"
    },
    "nosniff": {
      "enable": "/Users/lizheyu/Desktop/bus-dev/yuangong-egg/node_modules/egg-security/config/config.default.js"
    },
    "referrerPolicy": {
      "enable": "/Users/lizheyu/Desktop/bus-dev/yuangong-egg/node_modules/egg-security/config/config.default.js",
      "value": "/Users/lizheyu/Desktop/bus-dev/yuangong-egg/node_modules/egg-security/config/config.default.js"
    },
    "xssProtection": {
      "enable": "/Users/lizheyu/Desktop/bus-dev/yuangong-egg/node_modules/egg-security/config/config.default.js",
      "value": "/Users/lizheyu/Desktop/bus-dev/yuangong-egg/node_modules/egg-security/config/config.default.js"
    },
    "csp": {
      "enable": "/Users/lizheyu/Desktop/bus-dev/yuangong-egg/node_modules/egg-security/config/config.default.js",
      "policy": "/Users/lizheyu/Desktop/bus-dev/yuangong-egg/node_modules/egg-security/config/config.default.js"
    },
    "ssrf": {
      "ipBlackList": "/Users/lizheyu/Desktop/bus-dev/yuangong-egg/node_modules/egg-security/config/config.default.js",
      "ipExceptionList": "/Users/lizheyu/Desktop/bus-dev/yuangong-egg/node_modules/egg-security/config/config.default.js",
      "checkAddress": "/Users/lizheyu/Desktop/bus-dev/yuangong-egg/node_modules/egg-security/config/config.default.js"
    }
  },
  "static": {
    "prefix": "/Users/lizheyu/Desktop/bus-dev/yuangong-egg/config/config.default.js",
    "dir": "/Users/lizheyu/Desktop/bus-dev/yuangong-egg/config/config.default.js",
    "cacheControl": "/Users/lizheyu/Desktop/bus-dev/yuangong-egg/config/config.default.js",
    "dynamic": "/Users/lizheyu/Desktop/bus-dev/yuangong-egg/node_modules/egg-static/config/config.default.js",
    "preload": "/Users/lizheyu/Desktop/bus-dev/yuangong-egg/node_modules/egg-static/config/config.default.js",
    "buffer": "/Users/lizheyu/Desktop/bus-dev/yuangong-egg/node_modules/egg-static/config/config.default.js",
    "maxFiles": "/Users/lizheyu/Desktop/bus-dev/yuangong-egg/node_modules/egg-static/config/config.default.js"
  },
  "baseUrl": "/Users/lizheyu/Desktop/bus-dev/yuangong-egg/config/config.default.js",
  "uploadBaseDir": "/Users/lizheyu/Desktop/bus-dev/yuangong-egg/config/config.default.js",
  "session": {
    "maxAge": "/Users/lizheyu/Desktop/bus-dev/yuangong-egg/node_modules/egg-session/config/config.default.js",
    "key": "/Users/lizheyu/Desktop/bus-dev/yuangong-egg/node_modules/egg-session/config/config.default.js",
    "httpOnly": "/Users/lizheyu/Desktop/bus-dev/yuangong-egg/node_modules/egg-session/config/config.default.js",
    "encrypt": "/Users/lizheyu/Desktop/bus-dev/yuangong-egg/node_modules/egg-session/config/config.default.js",
    "logValue": "/Users/lizheyu/Desktop/bus-dev/yuangong-egg/node_modules/egg-session/config/config.default.js"
  },
  "helper": {
    "shtml": "/Users/lizheyu/Desktop/bus-dev/yuangong-egg/node_modules/egg-security/config/config.default.js"
  },
  "jsonp": {
    "limit": "/Users/lizheyu/Desktop/bus-dev/yuangong-egg/node_modules/egg-jsonp/config/config.default.js",
    "callback": "/Users/lizheyu/Desktop/bus-dev/yuangong-egg/node_modules/egg-jsonp/config/config.default.js",
    "csrf": "/Users/lizheyu/Desktop/bus-dev/yuangong-egg/node_modules/egg-jsonp/config/config.default.js"
  },
  "onerror": {
    "errorPageUrl": "/Users/lizheyu/Desktop/bus-dev/yuangong-egg/node_modules/egg-onerror/config/config.default.js",
    "appErrorFilter": "/Users/lizheyu/Desktop/bus-dev/yuangong-egg/node_modules/egg-onerror/config/config.default.js",
    "templatePath": "/Users/lizheyu/Desktop/bus-dev/yuangong-egg/node_modules/egg-onerror/config/config.default.js"
  },
  "i18n": {
    "defaultLocale": "/Users/lizheyu/Desktop/bus-dev/yuangong-egg/node_modules/egg-i18n/config/config.default.js",
    "dirs": "/Users/lizheyu/Desktop/bus-dev/yuangong-egg/node_modules/egg-i18n/config/config.default.js",
    "queryField": "/Users/lizheyu/Desktop/bus-dev/yuangong-egg/node_modules/egg-i18n/config/config.default.js",
    "cookieField": "/Users/lizheyu/Desktop/bus-dev/yuangong-egg/node_modules/egg-i18n/config/config.default.js",
    "cookieDomain": "/Users/lizheyu/Desktop/bus-dev/yuangong-egg/node_modules/egg-i18n/config/config.default.js",
    "cookieMaxAge": "/Users/lizheyu/Desktop/bus-dev/yuangong-egg/node_modules/egg-i18n/config/config.default.js"
  },
  "watcher": {
    "type": "/Users/lizheyu/Desktop/bus-dev/yuangong-egg/node_modules/egg-watcher/config/config.local.js",
    "eventSources": {
      "default": "/Users/lizheyu/Desktop/bus-dev/yuangong-egg/node_modules/egg-watcher/config/config.default.js",
      "development": "/Users/lizheyu/Desktop/bus-dev/yuangong-egg/node_modules/egg-watcher/config/config.default.js"
    }
  },
  "customLogger": {
    "scheduleLogger": {
      "consoleLevel": "/Users/lizheyu/Desktop/bus-dev/yuangong-egg/node_modules/egg-schedule/config/config.default.js",
      "file": "/Users/lizheyu/Desktop/bus-dev/yuangong-egg/node_modules/egg-schedule/config/config.default.js"
    }
  },
  "schedule": {
    "directory": "/Users/lizheyu/Desktop/bus-dev/yuangong-egg/node_modules/egg-schedule/config/config.default.js"
  },
  "multipart": {
    "mode": "/Users/lizheyu/Desktop/bus-dev/yuangong-egg/node_modules/egg-multipart/config/config.default.js",
    "autoFields": "/Users/lizheyu/Desktop/bus-dev/yuangong-egg/node_modules/egg-multipart/config/config.default.js",
    "defaultCharset": "/Users/lizheyu/Desktop/bus-dev/yuangong-egg/node_modules/egg-multipart/config/config.default.js",
    "fieldNameSize": "/Users/lizheyu/Desktop/bus-dev/yuangong-egg/node_modules/egg-multipart/config/config.default.js",
    "fieldSize": "/Users/lizheyu/Desktop/bus-dev/yuangong-egg/node_modules/egg-multipart/config/config.default.js",
    "fields": "/Users/lizheyu/Desktop/bus-dev/yuangong-egg/node_modules/egg-multipart/config/config.default.js",
    "fileSize": "/Users/lizheyu/Desktop/bus-dev/yuangong-egg/node_modules/egg-multipart/config/config.default.js",
    "files": "/Users/lizheyu/Desktop/bus-dev/yuangong-egg/node_modules/egg-multipart/config/config.default.js",
    "fileExtensions": "/Users/lizheyu/Desktop/bus-dev/yuangong-egg/node_modules/egg-multipart/config/config.default.js",
    "whitelist": "/Users/lizheyu/Desktop/bus-dev/yuangong-egg/node_modules/egg-multipart/config/config.default.js",
    "allowArrayField": "/Users/lizheyu/Desktop/bus-dev/yuangong-egg/node_modules/egg-multipart/config/config.default.js",
    "tmpdir": "/Users/lizheyu/Desktop/bus-dev/yuangong-egg/node_modules/egg-multipart/config/config.default.js",
    "cleanSchedule": {
      "cron": "/Users/lizheyu/Desktop/bus-dev/yuangong-egg/node_modules/egg-multipart/config/config.default.js",
      "disable": "/Users/lizheyu/Desktop/bus-dev/yuangong-egg/node_modules/egg-multipart/config/config.default.js"
    }
  },
  "development": {
    "watchDirs": "/Users/lizheyu/Desktop/bus-dev/yuangong-egg/node_modules/egg-development/config/config.default.js",
    "ignoreDirs": "/Users/lizheyu/Desktop/bus-dev/yuangong-egg/node_modules/egg-development/config/config.default.js",
    "fastReady": "/Users/lizheyu/Desktop/bus-dev/yuangong-egg/node_modules/egg-development/config/config.default.js",
    "reloadOnDebug": "/Users/lizheyu/Desktop/bus-dev/yuangong-egg/node_modules/egg-development/config/config.default.js",
    "overrideDefault": "/Users/lizheyu/Desktop/bus-dev/yuangong-egg/node_modules/egg-development/config/config.default.js",
    "overrideIgnore": "/Users/lizheyu/Desktop/bus-dev/yuangong-egg/node_modules/egg-development/config/config.default.js"
  },
  "logrotator": {
    "filesRotateByHour": "/Users/lizheyu/Desktop/bus-dev/yuangong-egg/node_modules/egg-logrotator/config/config.default.js",
    "hourDelimiter": "/Users/lizheyu/Desktop/bus-dev/yuangong-egg/node_modules/egg-logrotator/config/config.default.js",
    "filesRotateBySize": "/Users/lizheyu/Desktop/bus-dev/yuangong-egg/node_modules/egg-logrotator/config/config.default.js",
    "maxFileSize": "/Users/lizheyu/Desktop/bus-dev/yuangong-egg/node_modules/egg-logrotator/config/config.default.js",
    "maxFiles": "/Users/lizheyu/Desktop/bus-dev/yuangong-egg/node_modules/egg-logrotator/config/config.default.js",
    "rotateDuration": "/Users/lizheyu/Desktop/bus-dev/yuangong-egg/node_modules/egg-logrotator/config/config.default.js",
    "maxDays": "/Users/lizheyu/Desktop/bus-dev/yuangong-egg/node_modules/egg-logrotator/config/config.default.js"
  },
  "nunjucks": {
    "autoescape": "/Users/lizheyu/Desktop/bus-dev/yuangong-egg/node_modules/egg-view-nunjucks/config/config.default.js",
    "throwOnUndefined": "/Users/lizheyu/Desktop/bus-dev/yuangong-egg/node_modules/egg-view-nunjucks/config/config.default.js",
    "trimBlocks": "/Users/lizheyu/Desktop/bus-dev/yuangong-egg/node_modules/egg-view-nunjucks/config/config.default.js",
    "lstripBlocks": "/Users/lizheyu/Desktop/bus-dev/yuangong-egg/node_modules/egg-view-nunjucks/config/config.default.js",
    "cache": "/Users/lizheyu/Desktop/bus-dev/yuangong-egg/node_modules/egg-view-nunjucks/config/config.local.js"
  },
  "mysql": {
    "default": {
      "database": "/Users/lizheyu/Desktop/bus-dev/yuangong-egg/node_modules/egg-mysql/config/config.default.js",
      "connectionLimit": "/Users/lizheyu/Desktop/bus-dev/yuangong-egg/node_modules/egg-mysql/config/config.default.js"
    },
    "app": "/Users/lizheyu/Desktop/bus-dev/yuangong-egg/node_modules/egg-mysql/config/config.default.js",
    "agent": "/Users/lizheyu/Desktop/bus-dev/yuangong-egg/node_modules/egg-mysql/config/config.default.js"
  },
  "env": "/Users/lizheyu/Desktop/bus-dev/yuangong-egg/node_modules/egg/config/config.default.js",
  "name": "/Users/lizheyu/Desktop/bus-dev/yuangong-egg/node_modules/egg/config/config.default.js",
  "cookies": "/Users/lizheyu/Desktop/bus-dev/yuangong-egg/node_modules/egg/config/config.default.js",
  "proxy": "/Users/lizheyu/Desktop/bus-dev/yuangong-egg/node_modules/egg/config/config.default.js",
  "maxIpsCount": "/Users/lizheyu/Desktop/bus-dev/yuangong-egg/node_modules/egg/config/config.default.js",
  "maxProxyCount": "/Users/lizheyu/Desktop/bus-dev/yuangong-egg/node_modules/egg/config/config.default.js",
  "protocolHeaders": "/Users/lizheyu/Desktop/bus-dev/yuangong-egg/node_modules/egg/config/config.default.js",
  "ipHeaders": "/Users/lizheyu/Desktop/bus-dev/yuangong-egg/node_modules/egg/config/config.default.js",
  "hostHeaders": "/Users/lizheyu/Desktop/bus-dev/yuangong-egg/node_modules/egg/config/config.default.js",
  "pkg": {
    "name": "/Users/lizheyu/Desktop/bus-dev/yuangong-egg/node_modules/egg/config/config.default.js",
    "version": "/Users/lizheyu/Desktop/bus-dev/yuangong-egg/node_modules/egg/config/config.default.js",
    "description": "/Users/lizheyu/Desktop/bus-dev/yuangong-egg/node_modules/egg/config/config.default.js",
    "private": "/Users/lizheyu/Desktop/bus-dev/yuangong-egg/node_modules/egg/config/config.default.js",
    "egg": {
      "declarations": "/Users/lizheyu/Desktop/bus-dev/yuangong-egg/node_modules/egg/config/config.default.js"
    },
    "dependencies": {
      "egg": "/Users/lizheyu/Desktop/bus-dev/yuangong-egg/node_modules/egg/config/config.default.js",
      "egg-mongoose": "/Users/lizheyu/Desktop/bus-dev/yuangong-egg/node_modules/egg/config/config.default.js",
      "egg-mysql": "/Users/lizheyu/Desktop/bus-dev/yuangong-egg/node_modules/egg/config/config.default.js",
      "egg-scripts": "/Users/lizheyu/Desktop/bus-dev/yuangong-egg/node_modules/egg/config/config.default.js",
      "egg-view-assets": "/Users/lizheyu/Desktop/bus-dev/yuangong-egg/node_modules/egg/config/config.default.js",
      "egg-view-nunjucks": "/Users/lizheyu/Desktop/bus-dev/yuangong-egg/node_modules/egg/config/config.default.js",
      "md5": "/Users/lizheyu/Desktop/bus-dev/yuangong-egg/node_modules/egg/config/config.default.js",
      "moment": "/Users/lizheyu/Desktop/bus-dev/yuangong-egg/node_modules/egg/config/config.default.js"
    },
    "devDependencies": {
      "autod": "/Users/lizheyu/Desktop/bus-dev/yuangong-egg/node_modules/egg/config/config.default.js",
      "autod-egg": "/Users/lizheyu/Desktop/bus-dev/yuangong-egg/node_modules/egg/config/config.default.js",
      "egg-bin": "/Users/lizheyu/Desktop/bus-dev/yuangong-egg/node_modules/egg/config/config.default.js",
      "egg-ci": "/Users/lizheyu/Desktop/bus-dev/yuangong-egg/node_modules/egg/config/config.default.js",
      "egg-mock": "/Users/lizheyu/Desktop/bus-dev/yuangong-egg/node_modules/egg/config/config.default.js",
      "eslint": "/Users/lizheyu/Desktop/bus-dev/yuangong-egg/node_modules/egg/config/config.default.js",
      "eslint-config-egg": "/Users/lizheyu/Desktop/bus-dev/yuangong-egg/node_modules/egg/config/config.default.js"
    },
    "engines": {
      "node": "/Users/lizheyu/Desktop/bus-dev/yuangong-egg/node_modules/egg/config/config.default.js"
    },
    "scripts": {
      "start": "/Users/lizheyu/Desktop/bus-dev/yuangong-egg/node_modules/egg/config/config.default.js",
      "stop": "/Users/lizheyu/Desktop/bus-dev/yuangong-egg/node_modules/egg/config/config.default.js",
      "dev": "/Users/lizheyu/Desktop/bus-dev/yuangong-egg/node_modules/egg/config/config.default.js",
      "debug": "/Users/lizheyu/Desktop/bus-dev/yuangong-egg/node_modules/egg/config/config.default.js",
      "test": "/Users/lizheyu/Desktop/bus-dev/yuangong-egg/node_modules/egg/config/config.default.js",
      "test-local": "/Users/lizheyu/Desktop/bus-dev/yuangong-egg/node_modules/egg/config/config.default.js",
      "cov": "/Users/lizheyu/Desktop/bus-dev/yuangong-egg/node_modules/egg/config/config.default.js",
      "lint": "/Users/lizheyu/Desktop/bus-dev/yuangong-egg/node_modules/egg/config/config.default.js",
      "ci": "/Users/lizheyu/Desktop/bus-dev/yuangong-egg/node_modules/egg/config/config.default.js",
      "autod": "/Users/lizheyu/Desktop/bus-dev/yuangong-egg/node_modules/egg/config/config.default.js"
    },
    "ci": {
      "version": "/Users/lizheyu/Desktop/bus-dev/yuangong-egg/node_modules/egg/config/config.default.js"
    },
    "repository": {
      "type": "/Users/lizheyu/Desktop/bus-dev/yuangong-egg/node_modules/egg/config/config.default.js",
      "url": "/Users/lizheyu/Desktop/bus-dev/yuangong-egg/node_modules/egg/config/config.default.js"
    },
    "author": "/Users/lizheyu/Desktop/bus-dev/yuangong-egg/node_modules/egg/config/config.default.js",
    "license": "/Users/lizheyu/Desktop/bus-dev/yuangong-egg/node_modules/egg/config/config.default.js"
  },
  "baseDir": "/Users/lizheyu/Desktop/bus-dev/yuangong-egg/node_modules/egg/config/config.default.js",
  "HOME": "/Users/lizheyu/Desktop/bus-dev/yuangong-egg/node_modules/egg/config/config.default.js",
  "rundir": "/Users/lizheyu/Desktop/bus-dev/yuangong-egg/node_modules/egg/config/config.default.js",
  "dump": {
    "ignore": "/Users/lizheyu/Desktop/bus-dev/yuangong-egg/node_modules/egg/config/config.default.js"
  },
  "confusedConfigurations": {
    "bodyparser": "/Users/lizheyu/Desktop/bus-dev/yuangong-egg/node_modules/egg/config/config.default.js",
    "notFound": "/Users/lizheyu/Desktop/bus-dev/yuangong-egg/node_modules/egg/config/config.default.js",
    "sitefile": "/Users/lizheyu/Desktop/bus-dev/yuangong-egg/node_modules/egg/config/config.default.js",
    "middlewares": "/Users/lizheyu/Desktop/bus-dev/yuangong-egg/node_modules/egg/config/config.default.js",
    "httpClient": "/Users/lizheyu/Desktop/bus-dev/yuangong-egg/node_modules/egg/config/config.default.js"
  },
  "notfound": {
    "pageUrl": "/Users/lizheyu/Desktop/bus-dev/yuangong-egg/node_modules/egg/config/config.default.js"
  },
  "siteFile": {
    "/favicon.ico": "/Users/lizheyu/Desktop/bus-dev/yuangong-egg/node_modules/egg/config/config.default.js",
    "cacheControl": "/Users/lizheyu/Desktop/bus-dev/yuangong-egg/node_modules/egg/config/config.default.js"
  },
  "bodyParser": {
    "enable": "/Users/lizheyu/Desktop/bus-dev/yuangong-egg/node_modules/egg/config/config.default.js",
    "encoding": "/Users/lizheyu/Desktop/bus-dev/yuangong-egg/node_modules/egg/config/config.default.js",
    "formLimit": "/Users/lizheyu/Desktop/bus-dev/yuangong-egg/node_modules/egg/config/config.default.js",
    "jsonLimit": "/Users/lizheyu/Desktop/bus-dev/yuangong-egg/node_modules/egg/config/config.default.js",
    "textLimit": "/Users/lizheyu/Desktop/bus-dev/yuangong-egg/node_modules/egg/config/config.default.js",
    "strict": "/Users/lizheyu/Desktop/bus-dev/yuangong-egg/node_modules/egg/config/config.default.js",
    "queryString": {
      "arrayLimit": "/Users/lizheyu/Desktop/bus-dev/yuangong-egg/node_modules/egg/config/config.default.js",
      "depth": "/Users/lizheyu/Desktop/bus-dev/yuangong-egg/node_modules/egg/config/config.default.js",
      "parameterLimit": "/Users/lizheyu/Desktop/bus-dev/yuangong-egg/node_modules/egg/config/config.default.js"
    },
    "onerror": "/Users/lizheyu/Desktop/bus-dev/yuangong-egg/node_modules/egg/config/config.default.js"
  },
  "logger": {
    "dir": "/Users/lizheyu/Desktop/bus-dev/yuangong-egg/node_modules/egg/config/config.default.js",
    "encoding": "/Users/lizheyu/Desktop/bus-dev/yuangong-egg/node_modules/egg/config/config.default.js",
    "env": "/Users/lizheyu/Desktop/bus-dev/yuangong-egg/node_modules/egg/config/config.default.js",
    "level": "/Users/lizheyu/Desktop/bus-dev/yuangong-egg/node_modules/egg/config/config.default.js",
    "consoleLevel": "/Users/lizheyu/Desktop/bus-dev/yuangong-egg/node_modules/egg/config/config.default.js",
    "disableConsoleAfterReady": "/Users/lizheyu/Desktop/bus-dev/yuangong-egg/node_modules/egg/config/config.default.js",
    "outputJSON": "/Users/lizheyu/Desktop/bus-dev/yuangong-egg/node_modules/egg/config/config.default.js",
    "buffer": "/Users/lizheyu/Desktop/bus-dev/yuangong-egg/node_modules/egg/config/config.default.js",
    "appLogName": "/Users/lizheyu/Desktop/bus-dev/yuangong-egg/node_modules/egg/config/config.default.js",
    "coreLogName": "/Users/lizheyu/Desktop/bus-dev/yuangong-egg/node_modules/egg/config/config.default.js",
    "agentLogName": "/Users/lizheyu/Desktop/bus-dev/yuangong-egg/node_modules/egg/config/config.default.js",
    "errorLogName": "/Users/lizheyu/Desktop/bus-dev/yuangong-egg/node_modules/egg/config/config.default.js",
    "coreLogger": {
      "consoleLevel": "/Users/lizheyu/Desktop/bus-dev/yuangong-egg/node_modules/egg/config/config.local.js"
    },
    "allowDebugAtProd": "/Users/lizheyu/Desktop/bus-dev/yuangong-egg/node_modules/egg/config/config.default.js",
    "enablePerformanceTimer": "/Users/lizheyu/Desktop/bus-dev/yuangong-egg/node_modules/egg/config/config.default.js"
  },
  "httpclient": {
    "enableDNSCache": "/Users/lizheyu/Desktop/bus-dev/yuangong-egg/node_modules/egg/config/config.default.js",
    "dnsCacheLookupInterval": "/Users/lizheyu/Desktop/bus-dev/yuangong-egg/node_modules/egg/config/config.default.js",
    "dnsCacheMaxLength": "/Users/lizheyu/Desktop/bus-dev/yuangong-egg/node_modules/egg/config/config.default.js",
    "request": {
      "timeout": "/Users/lizheyu/Desktop/bus-dev/yuangong-egg/node_modules/egg/config/config.default.js"
    },
    "httpAgent": {
      "keepAlive": "/Users/lizheyu/Desktop/bus-dev/yuangong-egg/node_modules/egg/config/config.default.js",
      "freeSocketTimeout": "/Users/lizheyu/Desktop/bus-dev/yuangong-egg/node_modules/egg/config/config.default.js",
      "maxSockets": "/Users/lizheyu/Desktop/bus-dev/yuangong-egg/node_modules/egg/config/config.default.js",
      "maxFreeSockets": "/Users/lizheyu/Desktop/bus-dev/yuangong-egg/node_modules/egg/config/config.default.js"
    },
    "httpsAgent": {
      "keepAlive": "/Users/lizheyu/Desktop/bus-dev/yuangong-egg/node_modules/egg/config/config.default.js",
      "freeSocketTimeout": "/Users/lizheyu/Desktop/bus-dev/yuangong-egg/node_modules/egg/config/config.default.js",
      "maxSockets": "/Users/lizheyu/Desktop/bus-dev/yuangong-egg/node_modules/egg/config/config.default.js",
      "maxFreeSockets": "/Users/lizheyu/Desktop/bus-dev/yuangong-egg/node_modules/egg/config/config.default.js"
    }
  },
  "meta": {
    "enable": "/Users/lizheyu/Desktop/bus-dev/yuangong-egg/node_modules/egg/config/config.default.js",
    "logging": "/Users/lizheyu/Desktop/bus-dev/yuangong-egg/node_modules/egg/config/config.default.js"
  },
  "coreMiddleware": "/Users/lizheyu/Desktop/bus-dev/yuangong-egg/node_modules/egg/config/config.default.js",
  "workerStartTimeout": "/Users/lizheyu/Desktop/bus-dev/yuangong-egg/node_modules/egg/config/config.default.js",
  "serverTimeout": "/Users/lizheyu/Desktop/bus-dev/yuangong-egg/node_modules/egg/config/config.default.js",
  "cluster": {
    "listen": {
      "path": "/Users/lizheyu/Desktop/bus-dev/yuangong-egg/node_modules/egg/config/config.default.js",
      "port": "/Users/lizheyu/Desktop/bus-dev/yuangong-egg/node_modules/egg/config/config.default.js",
      "hostname": "/Users/lizheyu/Desktop/bus-dev/yuangong-egg/node_modules/egg/config/config.default.js"
    }
  },
  "clusterClient": {
    "maxWaitTime": "/Users/lizheyu/Desktop/bus-dev/yuangong-egg/node_modules/egg/config/config.default.js",
    "responseTimeout": "/Users/lizheyu/Desktop/bus-dev/yuangong-egg/node_modules/egg/config/config.default.js"
  },
  "onClientError": "/Users/lizheyu/Desktop/bus-dev/yuangong-egg/node_modules/egg/config/config.default.js"
}