[
  {
    "name": "Process Start",
    "start": 1650852304634,
    "end": 1650852305384,
    "duration": 750,
    "pid": 31575,
    "index": 0
  },
  {
    "name": "Application Start",
    "start": 1650852305385,
    "end": 1650852308664,
    "duration": 3279,
    "pid": 31575,
    "index": 1
  },
  {
    "name": "Load Plugin",
    "start": 1650852305388,
    "end": 1650852305402,
    "duration": 14,
    "pid": 31575,
    "index": 2
  },
  {
    "name": "Load Config",
    "start": 1650852305402,
    "end": 1650852305427,
    "duration": 25,
    "pid": 31575,
    "index": 3
  },
  {
    "name": "Require(0) config/config.default.js",
    "start": 1650852305402,
    "end": 1650852305404,
    "duration": 2,
    "pid": 31575,
    "index": 4
  },
  {
    "name": "Require(1) node_modules/egg-session/config/config.default.js",
    "start": 1650852305406,
    "end": 1650852305407,
    "duration": 1,
    "pid": 31575,
    "index": 5
  },
  {
    "name": "Require(2) node_modules/egg-security/config/config.default.js",
    "start": 1650852305407,
    "end": 1650852305409,
    "duration": 2,
    "pid": 31575,
    "index": 6
  },
  {
    "name": "Require(3) node_modules/egg-jsonp/config/config.default.js",
    "start": 1650852305411,
    "end": 1650852305412,
    "duration": 1,
    "pid": 31575,
    "index": 7
  },
  {
    "name": "Require(4) node_modules/egg-onerror/config/config.default.js",
    "start": 1650852305412,
    "end": 1650852305413,
    "duration": 1,
    "pid": 31575,
    "index": 8
  },
  {
    "name": "Require(5) node_modules/egg-i18n/config/config.default.js",
    "start": 1650852305413,
    "end": 1650852305414,
    "duration": 1,
    "pid": 31575,
    "index": 9
  },
  {
    "name": "Require(6) node_modules/egg-watcher/config/config.default.js",
    "start": 1650852305414,
    "end": 1650852305416,
    "duration": 2,
    "pid": 31575,
    "index": 10
  },
  {
    "name": "Require(7) node_modules/egg-schedule/config/config.default.js",
    "start": 1650852305416,
    "end": 1650852305416,
    "duration": 0,
    "pid": 31575,
    "index": 11
  },
  {
    "name": "Require(8) node_modules/egg-multipart/config/config.default.js",
    "start": 1650852305417,
    "end": 1650852305417,
    "duration": 0,
    "pid": 31575,
    "index": 12
  },
  {
    "name": "Require(9) node_modules/egg-development/config/config.default.js",
    "start": 1650852305417,
    "end": 1650852305418,
    "duration": 1,
    "pid": 31575,
    "index": 13
  },
  {
    "name": "Require(10) node_modules/egg-logrotator/config/config.default.js",
    "start": 1650852305418,
    "end": 1650852305418,
    "duration": 0,
    "pid": 31575,
    "index": 14
  },
  {
    "name": "Require(11) node_modules/egg-static/config/config.default.js",
    "start": 1650852305418,
    "end": 1650852305419,
    "duration": 1,
    "pid": 31575,
    "index": 15
  },
  {
    "name": "Require(12) node_modules/egg-view/config/config.default.js",
    "start": 1650852305419,
    "end": 1650852305419,
    "duration": 0,
    "pid": 31575,
    "index": 16
  },
  {
    "name": "Require(13) node_modules/egg-view-nunjucks/config/config.default.js",
    "start": 1650852305419,
    "end": 1650852305420,
    "duration": 1,
    "pid": 31575,
    "index": 17
  },
  {
    "name": "Require(14) node_modules/egg-mysql/config/config.default.js",
    "start": 1650852305420,
    "end": 1650852305420,
    "duration": 0,
    "pid": 31575,
    "index": 18
  },
  {
    "name": "Require(15) node_modules/egg-mongoose/config/config.default.js",
    "start": 1650852305420,
    "end": 1650852305421,
    "duration": 1,
    "pid": 31575,
    "index": 19
  },
  {
    "name": "Require(16) node_modules/egg/config/config.default.js",
    "start": 1650852305421,
    "end": 1650852305421,
    "duration": 0,
    "pid": 31575,
    "index": 20
  },
  {
    "name": "Require(17) config/config.default.js",
    "start": 1650852305424,
    "end": 1650852305424,
    "duration": 0,
    "pid": 31575,
    "index": 21
  },
  {
    "name": "Require(18) node_modules/egg-security/config/config.local.js",
    "start": 1650852305424,
    "end": 1650852305424,
    "duration": 0,
    "pid": 31575,
    "index": 22
  },
  {
    "name": "Require(19) node_modules/egg-watcher/config/config.local.js",
    "start": 1650852305426,
    "end": 1650852305426,
    "duration": 0,
    "pid": 31575,
    "index": 23
  },
  {
    "name": "Require(20) node_modules/egg-view/config/config.local.js",
    "start": 1650852305426,
    "end": 1650852305426,
    "duration": 0,
    "pid": 31575,
    "index": 24
  },
  {
    "name": "Require(21) node_modules/egg-view-nunjucks/config/config.local.js",
    "start": 1650852305427,
    "end": 1650852305427,
    "duration": 0,
    "pid": 31575,
    "index": 25
  },
  {
    "name": "Require(22) node_modules/egg/config/config.local.js",
    "start": 1650852305427,
    "end": 1650852305427,
    "duration": 0,
    "pid": 31575,
    "index": 26
  },
  {
    "name": "Load extend/application.js",
    "start": 1650852305428,
    "end": 1650852305449,
    "duration": 21,
    "pid": 31575,
    "index": 27
  },
  {
    "name": "Require(23) node_modules/egg-session/app/extend/application.js",
    "start": 1650852305428,
    "end": 1650852305429,
    "duration": 1,
    "pid": 31575,
    "index": 28
  },
  {
    "name": "Require(24) node_modules/egg-security/app/extend/application.js",
    "start": 1650852305429,
    "end": 1650852305429,
    "duration": 0,
    "pid": 31575,
    "index": 29
  },
  {
    "name": "Require(25) node_modules/egg-jsonp/app/extend/application.js",
    "start": 1650852305430,
    "end": 1650852305431,
    "duration": 1,
    "pid": 31575,
    "index": 30
  },
  {
    "name": "Require(26) node_modules/egg-logrotator/app/extend/application.js",
    "start": 1650852305432,
    "end": 1650852305433,
    "duration": 1,
    "pid": 31575,
    "index": 31
  },
  {
    "name": "Require(27) node_modules/egg-view/app/extend/application.js",
    "start": 1650852305433,
    "end": 1650852305434,
    "duration": 1,
    "pid": 31575,
    "index": 32
  },
  {
    "name": "Require(28) node_modules/egg-view-nunjucks/app/extend/application.js",
    "start": 1650852305434,
    "end": 1650852305448,
    "duration": 14,
    "pid": 31575,
    "index": 33
  },
  {
    "name": "Load extend/request.js",
    "start": 1650852305449,
    "end": 1650852305451,
    "duration": 2,
    "pid": 31575,
    "index": 34
  },
  {
    "name": "Require(29) node_modules/egg/app/extend/request.js",
    "start": 1650852305450,
    "end": 1650852305450,
    "duration": 0,
    "pid": 31575,
    "index": 35
  },
  {
    "name": "Load extend/response.js",
    "start": 1650852305451,
    "end": 1650852305453,
    "duration": 2,
    "pid": 31575,
    "index": 36
  },
  {
    "name": "Require(30) node_modules/egg/app/extend/response.js",
    "start": 1650852305451,
    "end": 1650852305452,
    "duration": 1,
    "pid": 31575,
    "index": 37
  },
  {
    "name": "Load extend/context.js",
    "start": 1650852305453,
    "end": 1650852305497,
    "duration": 44,
    "pid": 31575,
    "index": 38
  },
  {
    "name": "Require(31) node_modules/egg-security/app/extend/context.js",
    "start": 1650852305453,
    "end": 1650852305457,
    "duration": 4,
    "pid": 31575,
    "index": 39
  },
  {
    "name": "Require(32) node_modules/egg-jsonp/app/extend/context.js",
    "start": 1650852305457,
    "end": 1650852305458,
    "duration": 1,
    "pid": 31575,
    "index": 40
  },
  {
    "name": "Require(33) node_modules/egg-i18n/app/extend/context.js",
    "start": 1650852305458,
    "end": 1650852305458,
    "duration": 0,
    "pid": 31575,
    "index": 41
  },
  {
    "name": "Require(34) node_modules/egg-multipart/app/extend/context.js",
    "start": 1650852305459,
    "end": 1650852305493,
    "duration": 34,
    "pid": 31575,
    "index": 42
  },
  {
    "name": "Require(35) node_modules/egg-view/app/extend/context.js",
    "start": 1650852305494,
    "end": 1650852305495,
    "duration": 1,
    "pid": 31575,
    "index": 43
  },
  {
    "name": "Require(36) node_modules/egg-mongoose/app/extend/context.js",
    "start": 1650852305495,
    "end": 1650852305495,
    "duration": 0,
    "pid": 31575,
    "index": 44
  },
  {
    "name": "Require(37) node_modules/egg/app/extend/context.js",
    "start": 1650852305495,
    "end": 1650852305496,
    "duration": 1,
    "pid": 31575,
    "index": 45
  },
  {
    "name": "Load extend/helper.js",
    "start": 1650852305497,
    "end": 1650852305513,
    "duration": 16,
    "pid": 31575,
    "index": 46
  },
  {
    "name": "Require(38) node_modules/egg-security/app/extend/helper.js",
    "start": 1650852305497,
    "end": 1650852305507,
    "duration": 10,
    "pid": 31575,
    "index": 47
  },
  {
    "name": "Require(39) node_modules/egg/app/extend/helper.js",
    "start": 1650852305511,
    "end": 1650852305512,
    "duration": 1,
    "pid": 31575,
    "index": 48
  },
  {
    "name": "Load app.js",
    "start": 1650852305513,
    "end": 1650852305539,
    "duration": 26,
    "pid": 31575,
    "index": 49
  },
  {
    "name": "Require(40) node_modules/egg-session/app.js",
    "start": 1650852305513,
    "end": 1650852305514,
    "duration": 1,
    "pid": 31575,
    "index": 50
  },
  {
    "name": "Require(41) node_modules/egg-security/app.js",
    "start": 1650852305514,
    "end": 1650852305515,
    "duration": 1,
    "pid": 31575,
    "index": 51
  },
  {
    "name": "Require(42) node_modules/egg-onerror/app.js",
    "start": 1650852305515,
    "end": 1650852305519,
    "duration": 4,
    "pid": 31575,
    "index": 52
  },
  {
    "name": "Require(43) node_modules/egg-i18n/app.js",
    "start": 1650852305519,
    "end": 1650852305526,
    "duration": 7,
    "pid": 31575,
    "index": 53
  },
  {
    "name": "Require(44) node_modules/egg-watcher/app.js",
    "start": 1650852305526,
    "end": 1650852305528,
    "duration": 2,
    "pid": 31575,
    "index": 54
  },
  {
    "name": "Require(45) node_modules/egg-schedule/app.js",
    "start": 1650852305528,
    "end": 1650852305528,
    "duration": 0,
    "pid": 31575,
    "index": 55
  },
  {
    "name": "Require(46) node_modules/egg-multipart/app.js",
    "start": 1650852305528,
    "end": 1650852305529,
    "duration": 1,
    "pid": 31575,
    "index": 56
  },
  {
    "name": "Require(47) node_modules/egg-development/app.js",
    "start": 1650852305529,
    "end": 1650852305529,
    "duration": 0,
    "pid": 31575,
    "index": 57
  },
  {
    "name": "Require(48) node_modules/egg-logrotator/app.js",
    "start": 1650852305529,
    "end": 1650852305529,
    "duration": 0,
    "pid": 31575,
    "index": 58
  },
  {
    "name": "Require(49) node_modules/egg-static/app.js",
    "start": 1650852305529,
    "end": 1650852305530,
    "duration": 1,
    "pid": 31575,
    "index": 59
  },
  {
    "name": "Require(50) node_modules/egg-view-nunjucks/app.js",
    "start": 1650852305530,
    "end": 1650852305530,
    "duration": 0,
    "pid": 31575,
    "index": 60
  },
  {
    "name": "Require(51) node_modules/egg-mysql/app.js",
    "start": 1650852305530,
    "end": 1650852305538,
    "duration": 8,
    "pid": 31575,
    "index": 61
  },
  {
    "name": "Require(52) node_modules/egg-mongoose/app.js",
    "start": 1650852305538,
    "end": 1650852305539,
    "duration": 1,
    "pid": 31575,
    "index": 62
  },
  {
    "name": "Before Start in node_modules/egg-watcher/lib/init.js:15:14",
    "start": 1650852305544,
    "end": 1650852305881,
    "duration": 337,
    "pid": 31575,
    "index": 63
  },
  {
    "name": "Before Start in node_modules/egg-mongoose/lib/mongoose.js:104:7",
    "start": 1650852305766,
    "end": 1650852308664,
    "duration": 2898,
    "pid": 31575,
    "index": 64
  },
  {
    "name": "Before Start in node_modules/egg-mongoose/lib/mongoose.js:52:9",
    "start": 1650852305766,
    "end": 1650852305874,
    "duration": 108,
    "pid": 31575,
    "index": 65
  },
  {
    "name": "Load Service",
    "start": 1650852305766,
    "end": 1650852305770,
    "duration": 4,
    "pid": 31575,
    "index": 66
  },
  {
    "name": "Load \"service\" to Context",
    "start": 1650852305766,
    "end": 1650852305770,
    "duration": 4,
    "pid": 31575,
    "index": 67
  },
  {
    "name": "Load Middleware",
    "start": 1650852305770,
    "end": 1650852305840,
    "duration": 70,
    "pid": 31575,
    "index": 68
  },
  {
    "name": "Load \"middlewares\" to Application",
    "start": 1650852305770,
    "end": 1650852305827,
    "duration": 57,
    "pid": 31575,
    "index": 69
  },
  {
    "name": "Load Controller",
    "start": 1650852305840,
    "end": 1650852305844,
    "duration": 4,
    "pid": 31575,
    "index": 70
  },
  {
    "name": "Load \"controller\" to Application",
    "start": 1650852305840,
    "end": 1650852305844,
    "duration": 4,
    "pid": 31575,
    "index": 71
  },
  {
    "name": "Load Router",
    "start": 1650852305844,
    "end": 1650852305847,
    "duration": 3,
    "pid": 31575,
    "index": 72
  },
  {
    "name": "Require(53) app/router.js",
    "start": 1650852305844,
    "end": 1650852305845,
    "duration": 1,
    "pid": 31575,
    "index": 73
  },
  {
    "name": "Before Start in node_modules/egg-core/lib/egg.js:303:10",
    "start": 1650852305845,
    "end": 1650852305874,
    "duration": 29,
    "pid": 31575,
    "index": 74
  },
  {
    "name": "Load \"model\" to Application",
    "start": 1650852305854,
    "end": 1650852305873,
    "duration": 19,
    "pid": 31575,
    "index": 75
  }
]