[
  {
    "name": "Process Start",
    "start": 1650852496770,
    "end": 1650852497664,
    "duration": 894,
    "pid": 32630,
    "index": 0
  },
  {
    "name": "Application Start",
    "start": 1650852497664,
    "end": 1650852498791,
    "duration": 1127,
    "pid": 32630,
    "index": 1
  },
  {
    "name": "Load Plugin",
    "start": 1650852497668,
    "end": 1650852497677,
    "duration": 9,
    "pid": 32630,
    "index": 2
  },
  {
    "name": "Load Config",
    "start": 1650852497677,
    "end": 1650852497699,
    "duration": 22,
    "pid": 32630,
    "index": 3
  },
  {
    "name": "Require(0) config/config.default.js",
    "start": 1650852497677,
    "end": 1650852497678,
    "duration": 1,
    "pid": 32630,
    "index": 4
  },
  {
    "name": "Require(1) node_modules/egg-session/config/config.default.js",
    "start": 1650852497680,
    "end": 1650852497681,
    "duration": 1,
    "pid": 32630,
    "index": 5
  },
  {
    "name": "Require(2) node_modules/egg-security/config/config.default.js",
    "start": 1650852497681,
    "end": 1650852497681,
    "duration": 0,
    "pid": 32630,
    "index": 6
  },
  {
    "name": "Require(3) node_modules/egg-jsonp/config/config.default.js",
    "start": 1650852497683,
    "end": 1650852497684,
    "duration": 1,
    "pid": 32630,
    "index": 7
  },
  {
    "name": "Require(4) node_modules/egg-onerror/config/config.default.js",
    "start": 1650852497684,
    "end": 1650852497684,
    "duration": 0,
    "pid": 32630,
    "index": 8
  },
  {
    "name": "Require(5) node_modules/egg-i18n/config/config.default.js",
    "start": 1650852497684,
    "end": 1650852497685,
    "duration": 1,
    "pid": 32630,
    "index": 9
  },
  {
    "name": "Require(6) node_modules/egg-watcher/config/config.default.js",
    "start": 1650852497685,
    "end": 1650852497686,
    "duration": 1,
    "pid": 32630,
    "index": 10
  },
  {
    "name": "Require(7) node_modules/egg-schedule/config/config.default.js",
    "start": 1650852497686,
    "end": 1650852497686,
    "duration": 0,
    "pid": 32630,
    "index": 11
  },
  {
    "name": "Require(8) node_modules/egg-multipart/config/config.default.js",
    "start": 1650852497686,
    "end": 1650852497686,
    "duration": 0,
    "pid": 32630,
    "index": 12
  },
  {
    "name": "Require(9) node_modules/egg-development/config/config.default.js",
    "start": 1650852497687,
    "end": 1650852497687,
    "duration": 0,
    "pid": 32630,
    "index": 13
  },
  {
    "name": "Require(10) node_modules/egg-logrotator/config/config.default.js",
    "start": 1650852497687,
    "end": 1650852497687,
    "duration": 0,
    "pid": 32630,
    "index": 14
  },
  {
    "name": "Require(11) node_modules/egg-static/config/config.default.js",
    "start": 1650852497687,
    "end": 1650852497687,
    "duration": 0,
    "pid": 32630,
    "index": 15
  },
  {
    "name": "Require(12) node_modules/egg-view/config/config.default.js",
    "start": 1650852497688,
    "end": 1650852497689,
    "duration": 1,
    "pid": 32630,
    "index": 16
  },
  {
    "name": "Require(13) node_modules/egg-view-nunjucks/config/config.default.js",
    "start": 1650852497689,
    "end": 1650852497690,
    "duration": 1,
    "pid": 32630,
    "index": 17
  },
  {
    "name": "Require(14) node_modules/egg-mysql/config/config.default.js",
    "start": 1650852497690,
    "end": 1650852497690,
    "duration": 0,
    "pid": 32630,
    "index": 18
  },
  {
    "name": "Require(15) node_modules/egg-mongoose/config/config.default.js",
    "start": 1650852497690,
    "end": 1650852497690,
    "duration": 0,
    "pid": 32630,
    "index": 19
  },
  {
    "name": "Require(16) node_modules/egg/config/config.default.js",
    "start": 1650852497691,
    "end": 1650852497691,
    "duration": 0,
    "pid": 32630,
    "index": 20
  },
  {
    "name": "Require(17) config/config.default.js",
    "start": 1650852497693,
    "end": 1650852497693,
    "duration": 0,
    "pid": 32630,
    "index": 21
  },
  {
    "name": "Require(18) node_modules/egg-security/config/config.local.js",
    "start": 1650852497694,
    "end": 1650852497694,
    "duration": 0,
    "pid": 32630,
    "index": 22
  },
  {
    "name": "Require(19) node_modules/egg-watcher/config/config.local.js",
    "start": 1650852497696,
    "end": 1650852497696,
    "duration": 0,
    "pid": 32630,
    "index": 23
  },
  {
    "name": "Require(20) node_modules/egg-view/config/config.local.js",
    "start": 1650852497697,
    "end": 1650852497698,
    "duration": 1,
    "pid": 32630,
    "index": 24
  },
  {
    "name": "Require(21) node_modules/egg-view-nunjucks/config/config.local.js",
    "start": 1650852497698,
    "end": 1650852497698,
    "duration": 0,
    "pid": 32630,
    "index": 25
  },
  {
    "name": "Require(22) node_modules/egg/config/config.local.js",
    "start": 1650852497699,
    "end": 1650852497699,
    "duration": 0,
    "pid": 32630,
    "index": 26
  },
  {
    "name": "Load extend/application.js",
    "start": 1650852497700,
    "end": 1650852497736,
    "duration": 36,
    "pid": 32630,
    "index": 27
  },
  {
    "name": "Require(23) node_modules/egg-session/app/extend/application.js",
    "start": 1650852497701,
    "end": 1650852497703,
    "duration": 2,
    "pid": 32630,
    "index": 28
  },
  {
    "name": "Require(24) node_modules/egg-security/app/extend/application.js",
    "start": 1650852497704,
    "end": 1650852497706,
    "duration": 2,
    "pid": 32630,
    "index": 29
  },
  {
    "name": "Require(25) node_modules/egg-jsonp/app/extend/application.js",
    "start": 1650852497706,
    "end": 1650852497707,
    "duration": 1,
    "pid": 32630,
    "index": 30
  },
  {
    "name": "Require(26) node_modules/egg-logrotator/app/extend/application.js",
    "start": 1650852497707,
    "end": 1650852497708,
    "duration": 1,
    "pid": 32630,
    "index": 31
  },
  {
    "name": "Require(27) node_modules/egg-view/app/extend/application.js",
    "start": 1650852497708,
    "end": 1650852497709,
    "duration": 1,
    "pid": 32630,
    "index": 32
  },
  {
    "name": "Require(28) node_modules/egg-view-nunjucks/app/extend/application.js",
    "start": 1650852497709,
    "end": 1650852497735,
    "duration": 26,
    "pid": 32630,
    "index": 33
  },
  {
    "name": "Load extend/request.js",
    "start": 1650852497736,
    "end": 1650852497739,
    "duration": 3,
    "pid": 32630,
    "index": 34
  },
  {
    "name": "Require(29) node_modules/egg/app/extend/request.js",
    "start": 1650852497737,
    "end": 1650852497738,
    "duration": 1,
    "pid": 32630,
    "index": 35
  },
  {
    "name": "Load extend/response.js",
    "start": 1650852497739,
    "end": 1650852497743,
    "duration": 4,
    "pid": 32630,
    "index": 36
  },
  {
    "name": "Require(30) node_modules/egg/app/extend/response.js",
    "start": 1650852497739,
    "end": 1650852497742,
    "duration": 3,
    "pid": 32630,
    "index": 37
  },
  {
    "name": "Load extend/context.js",
    "start": 1650852497743,
    "end": 1650852497832,
    "duration": 89,
    "pid": 32630,
    "index": 38
  },
  {
    "name": "Require(31) node_modules/egg-security/app/extend/context.js",
    "start": 1650852497743,
    "end": 1650852497760,
    "duration": 17,
    "pid": 32630,
    "index": 39
  },
  {
    "name": "Require(32) node_modules/egg-jsonp/app/extend/context.js",
    "start": 1650852497760,
    "end": 1650852497763,
    "duration": 3,
    "pid": 32630,
    "index": 40
  },
  {
    "name": "Require(33) node_modules/egg-i18n/app/extend/context.js",
    "start": 1650852497764,
    "end": 1650852497765,
    "duration": 1,
    "pid": 32630,
    "index": 41
  },
  {
    "name": "Require(34) node_modules/egg-multipart/app/extend/context.js",
    "start": 1650852497765,
    "end": 1650852497829,
    "duration": 64,
    "pid": 32630,
    "index": 42
  },
  {
    "name": "Require(35) node_modules/egg-view/app/extend/context.js",
    "start": 1650852497829,
    "end": 1650852497830,
    "duration": 1,
    "pid": 32630,
    "index": 43
  },
  {
    "name": "Require(36) node_modules/egg-mongoose/app/extend/context.js",
    "start": 1650852497830,
    "end": 1650852497831,
    "duration": 1,
    "pid": 32630,
    "index": 44
  },
  {
    "name": "Require(37) node_modules/egg/app/extend/context.js",
    "start": 1650852497831,
    "end": 1650852497832,
    "duration": 1,
    "pid": 32630,
    "index": 45
  },
  {
    "name": "Load extend/helper.js",
    "start": 1650852497832,
    "end": 1650852497844,
    "duration": 12,
    "pid": 32630,
    "index": 46
  },
  {
    "name": "Require(38) node_modules/egg-security/app/extend/helper.js",
    "start": 1650852497833,
    "end": 1650852497843,
    "duration": 10,
    "pid": 32630,
    "index": 47
  },
  {
    "name": "Require(39) node_modules/egg/app/extend/helper.js",
    "start": 1650852497843,
    "end": 1650852497844,
    "duration": 1,
    "pid": 32630,
    "index": 48
  },
  {
    "name": "Load app.js",
    "start": 1650852497845,
    "end": 1650852497877,
    "duration": 32,
    "pid": 32630,
    "index": 49
  },
  {
    "name": "Require(40) node_modules/egg-session/app.js",
    "start": 1650852497845,
    "end": 1650852497845,
    "duration": 0,
    "pid": 32630,
    "index": 50
  },
  {
    "name": "Require(41) node_modules/egg-security/app.js",
    "start": 1650852497845,
    "end": 1650852497846,
    "duration": 1,
    "pid": 32630,
    "index": 51
  },
  {
    "name": "Require(42) node_modules/egg-onerror/app.js",
    "start": 1650852497846,
    "end": 1650852497851,
    "duration": 5,
    "pid": 32630,
    "index": 52
  },
  {
    "name": "Require(43) node_modules/egg-i18n/app.js",
    "start": 1650852497851,
    "end": 1650852497858,
    "duration": 7,
    "pid": 32630,
    "index": 53
  },
  {
    "name": "Require(44) node_modules/egg-watcher/app.js",
    "start": 1650852497859,
    "end": 1650852497861,
    "duration": 2,
    "pid": 32630,
    "index": 54
  },
  {
    "name": "Require(45) node_modules/egg-schedule/app.js",
    "start": 1650852497861,
    "end": 1650852497862,
    "duration": 1,
    "pid": 32630,
    "index": 55
  },
  {
    "name": "Require(46) node_modules/egg-multipart/app.js",
    "start": 1650852497862,
    "end": 1650852497863,
    "duration": 1,
    "pid": 32630,
    "index": 56
  },
  {
    "name": "Require(47) node_modules/egg-development/app.js",
    "start": 1650852497863,
    "end": 1650852497863,
    "duration": 0,
    "pid": 32630,
    "index": 57
  },
  {
    "name": "Require(48) node_modules/egg-logrotator/app.js",
    "start": 1650852497863,
    "end": 1650852497864,
    "duration": 1,
    "pid": 32630,
    "index": 58
  },
  {
    "name": "Require(49) node_modules/egg-static/app.js",
    "start": 1650852497864,
    "end": 1650852497864,
    "duration": 0,
    "pid": 32630,
    "index": 59
  },
  {
    "name": "Require(50) node_modules/egg-view-nunjucks/app.js",
    "start": 1650852497864,
    "end": 1650852497864,
    "duration": 0,
    "pid": 32630,
    "index": 60
  },
  {
    "name": "Require(51) node_modules/egg-mysql/app.js",
    "start": 1650852497865,
    "end": 1650852497877,
    "duration": 12,
    "pid": 32630,
    "index": 61
  },
  {
    "name": "Require(52) node_modules/egg-mongoose/app.js",
    "start": 1650852497877,
    "end": 1650852497877,
    "duration": 0,
    "pid": 32630,
    "index": 62
  },
  {
    "name": "Before Start in node_modules/egg-watcher/lib/init.js:15:14",
    "start": 1650852497886,
    "end": 1650852498294,
    "duration": 408,
    "pid": 32630,
    "index": 63
  },
  {
    "name": "Before Start in node_modules/egg-mongoose/lib/mongoose.js:104:7",
    "start": 1650852498158,
    "end": 1650852498790,
    "duration": 632,
    "pid": 32630,
    "index": 64
  },
  {
    "name": "Before Start in node_modules/egg-mongoose/lib/mongoose.js:52:9",
    "start": 1650852498158,
    "end": 1650852498285,
    "duration": 127,
    "pid": 32630,
    "index": 65
  },
  {
    "name": "Load Service",
    "start": 1650852498158,
    "end": 1650852498162,
    "duration": 4,
    "pid": 32630,
    "index": 66
  },
  {
    "name": "Load \"service\" to Context",
    "start": 1650852498158,
    "end": 1650852498162,
    "duration": 4,
    "pid": 32630,
    "index": 67
  },
  {
    "name": "Load Middleware",
    "start": 1650852498162,
    "end": 1650852498251,
    "duration": 89,
    "pid": 32630,
    "index": 68
  },
  {
    "name": "Load \"middlewares\" to Application",
    "start": 1650852498162,
    "end": 1650852498237,
    "duration": 75,
    "pid": 32630,
    "index": 69
  },
  {
    "name": "Load Controller",
    "start": 1650852498251,
    "end": 1650852498256,
    "duration": 5,
    "pid": 32630,
    "index": 70
  },
  {
    "name": "Load \"controller\" to Application",
    "start": 1650852498251,
    "end": 1650852498256,
    "duration": 5,
    "pid": 32630,
    "index": 71
  },
  {
    "name": "Load Router",
    "start": 1650852498256,
    "end": 1650852498258,
    "duration": 2,
    "pid": 32630,
    "index": 72
  },
  {
    "name": "Require(53) app/router.js",
    "start": 1650852498256,
    "end": 1650852498256,
    "duration": 0,
    "pid": 32630,
    "index": 73
  },
  {
    "name": "Before Start in node_modules/egg-core/lib/egg.js:303:10",
    "start": 1650852498257,
    "end": 1650852498285,
    "duration": 28,
    "pid": 32630,
    "index": 74
  },
  {
    "name": "Load \"model\" to Application",
    "start": 1650852498268,
    "end": 1650852498285,
    "duration": 17,
    "pid": 32630,
    "index": 75
  }
]