[
  {
    "name": "Process Start",
    "start": 1650852097683,
    "end": 1650852098398,
    "duration": 715,
    "pid": 30596,
    "index": 0
  },
  {
    "name": "Application Start",
    "start": 1650852098399,
    "end": 1650852099570,
    "duration": 1171,
    "pid": 30596,
    "index": 1
  },
  {
    "name": "Load Plugin",
    "start": 1650852098403,
    "end": 1650852098412,
    "duration": 9,
    "pid": 30596,
    "index": 2
  },
  {
    "name": "Load Config",
    "start": 1650852098412,
    "end": 1650852098429,
    "duration": 17,
    "pid": 30596,
    "index": 3
  },
  {
    "name": "Require(0) config/config.default.js",
    "start": 1650852098412,
    "end": 1650852098413,
    "duration": 1,
    "pid": 30596,
    "index": 4
  },
  {
    "name": "Require(1) node_modules/egg-session/config/config.default.js",
    "start": 1650852098415,
    "end": 1650852098415,
    "duration": 0,
    "pid": 30596,
    "index": 5
  },
  {
    "name": "Require(2) node_modules/egg-security/config/config.default.js",
    "start": 1650852098415,
    "end": 1650852098416,
    "duration": 1,
    "pid": 30596,
    "index": 6
  },
  {
    "name": "Require(3) node_modules/egg-jsonp/config/config.default.js",
    "start": 1650852098417,
    "end": 1650852098418,
    "duration": 1,
    "pid": 30596,
    "index": 7
  },
  {
    "name": "Require(4) node_modules/egg-onerror/config/config.default.js",
    "start": 1650852098418,
    "end": 1650852098418,
    "duration": 0,
    "pid": 30596,
    "index": 8
  },
  {
    "name": "Require(5) node_modules/egg-i18n/config/config.default.js",
    "start": 1650852098418,
    "end": 1650852098419,
    "duration": 1,
    "pid": 30596,
    "index": 9
  },
  {
    "name": "Require(6) node_modules/egg-watcher/config/config.default.js",
    "start": 1650852098419,
    "end": 1650852098420,
    "duration": 1,
    "pid": 30596,
    "index": 10
  },
  {
    "name": "Require(7) node_modules/egg-schedule/config/config.default.js",
    "start": 1650852098420,
    "end": 1650852098420,
    "duration": 0,
    "pid": 30596,
    "index": 11
  },
  {
    "name": "Require(8) node_modules/egg-multipart/config/config.default.js",
    "start": 1650852098420,
    "end": 1650852098421,
    "duration": 1,
    "pid": 30596,
    "index": 12
  },
  {
    "name": "Require(9) node_modules/egg-development/config/config.default.js",
    "start": 1650852098421,
    "end": 1650852098421,
    "duration": 0,
    "pid": 30596,
    "index": 13
  },
  {
    "name": "Require(10) node_modules/egg-logrotator/config/config.default.js",
    "start": 1650852098421,
    "end": 1650852098422,
    "duration": 1,
    "pid": 30596,
    "index": 14
  },
  {
    "name": "Require(11) node_modules/egg-static/config/config.default.js",
    "start": 1650852098422,
    "end": 1650852098422,
    "duration": 0,
    "pid": 30596,
    "index": 15
  },
  {
    "name": "Require(12) node_modules/egg-view/config/config.default.js",
    "start": 1650852098422,
    "end": 1650852098422,
    "duration": 0,
    "pid": 30596,
    "index": 16
  },
  {
    "name": "Require(13) node_modules/egg-view-nunjucks/config/config.default.js",
    "start": 1650852098423,
    "end": 1650852098423,
    "duration": 0,
    "pid": 30596,
    "index": 17
  },
  {
    "name": "Require(14) node_modules/egg-mysql/config/config.default.js",
    "start": 1650852098423,
    "end": 1650852098423,
    "duration": 0,
    "pid": 30596,
    "index": 18
  },
  {
    "name": "Require(15) node_modules/egg-mongoose/config/config.default.js",
    "start": 1650852098423,
    "end": 1650852098424,
    "duration": 1,
    "pid": 30596,
    "index": 19
  },
  {
    "name": "Require(16) node_modules/egg/config/config.default.js",
    "start": 1650852098424,
    "end": 1650852098424,
    "duration": 0,
    "pid": 30596,
    "index": 20
  },
  {
    "name": "Require(17) config/config.default.js",
    "start": 1650852098425,
    "end": 1650852098425,
    "duration": 0,
    "pid": 30596,
    "index": 21
  },
  {
    "name": "Require(18) node_modules/egg-security/config/config.local.js",
    "start": 1650852098425,
    "end": 1650852098425,
    "duration": 0,
    "pid": 30596,
    "index": 22
  },
  {
    "name": "Require(19) node_modules/egg-watcher/config/config.local.js",
    "start": 1650852098427,
    "end": 1650852098427,
    "duration": 0,
    "pid": 30596,
    "index": 23
  },
  {
    "name": "Require(20) node_modules/egg-view/config/config.local.js",
    "start": 1650852098428,
    "end": 1650852098428,
    "duration": 0,
    "pid": 30596,
    "index": 24
  },
  {
    "name": "Require(21) node_modules/egg-view-nunjucks/config/config.local.js",
    "start": 1650852098428,
    "end": 1650852098428,
    "duration": 0,
    "pid": 30596,
    "index": 25
  },
  {
    "name": "Require(22) node_modules/egg/config/config.local.js",
    "start": 1650852098429,
    "end": 1650852098429,
    "duration": 0,
    "pid": 30596,
    "index": 26
  },
  {
    "name": "Load extend/application.js",
    "start": 1650852098430,
    "end": 1650852098450,
    "duration": 20,
    "pid": 30596,
    "index": 27
  },
  {
    "name": "Require(23) node_modules/egg-session/app/extend/application.js",
    "start": 1650852098430,
    "end": 1650852098431,
    "duration": 1,
    "pid": 30596,
    "index": 28
  },
  {
    "name": "Require(24) node_modules/egg-security/app/extend/application.js",
    "start": 1650852098432,
    "end": 1650852098434,
    "duration": 2,
    "pid": 30596,
    "index": 29
  },
  {
    "name": "Require(25) node_modules/egg-jsonp/app/extend/application.js",
    "start": 1650852098434,
    "end": 1650852098435,
    "duration": 1,
    "pid": 30596,
    "index": 30
  },
  {
    "name": "Require(26) node_modules/egg-logrotator/app/extend/application.js",
    "start": 1650852098435,
    "end": 1650852098436,
    "duration": 1,
    "pid": 30596,
    "index": 31
  },
  {
    "name": "Require(27) node_modules/egg-view/app/extend/application.js",
    "start": 1650852098436,
    "end": 1650852098437,
    "duration": 1,
    "pid": 30596,
    "index": 32
  },
  {
    "name": "Require(28) node_modules/egg-view-nunjucks/app/extend/application.js",
    "start": 1650852098437,
    "end": 1650852098450,
    "duration": 13,
    "pid": 30596,
    "index": 33
  },
  {
    "name": "Load extend/request.js",
    "start": 1650852098450,
    "end": 1650852098452,
    "duration": 2,
    "pid": 30596,
    "index": 34
  },
  {
    "name": "Require(29) node_modules/egg/app/extend/request.js",
    "start": 1650852098451,
    "end": 1650852098451,
    "duration": 0,
    "pid": 30596,
    "index": 35
  },
  {
    "name": "Load extend/response.js",
    "start": 1650852098452,
    "end": 1650852098453,
    "duration": 1,
    "pid": 30596,
    "index": 36
  },
  {
    "name": "Require(30) node_modules/egg/app/extend/response.js",
    "start": 1650852098452,
    "end": 1650852098453,
    "duration": 1,
    "pid": 30596,
    "index": 37
  },
  {
    "name": "Load extend/context.js",
    "start": 1650852098453,
    "end": 1650852098511,
    "duration": 58,
    "pid": 30596,
    "index": 38
  },
  {
    "name": "Require(31) node_modules/egg-security/app/extend/context.js",
    "start": 1650852098453,
    "end": 1650852098458,
    "duration": 5,
    "pid": 30596,
    "index": 39
  },
  {
    "name": "Require(32) node_modules/egg-jsonp/app/extend/context.js",
    "start": 1650852098458,
    "end": 1650852098458,
    "duration": 0,
    "pid": 30596,
    "index": 40
  },
  {
    "name": "Require(33) node_modules/egg-i18n/app/extend/context.js",
    "start": 1650852098458,
    "end": 1650852098459,
    "duration": 1,
    "pid": 30596,
    "index": 41
  },
  {
    "name": "Require(34) node_modules/egg-multipart/app/extend/context.js",
    "start": 1650852098459,
    "end": 1650852098507,
    "duration": 48,
    "pid": 30596,
    "index": 42
  },
  {
    "name": "Require(35) node_modules/egg-view/app/extend/context.js",
    "start": 1650852098508,
    "end": 1650852098509,
    "duration": 1,
    "pid": 30596,
    "index": 43
  },
  {
    "name": "Require(36) node_modules/egg-mongoose/app/extend/context.js",
    "start": 1650852098509,
    "end": 1650852098509,
    "duration": 0,
    "pid": 30596,
    "index": 44
  },
  {
    "name": "Require(37) node_modules/egg/app/extend/context.js",
    "start": 1650852098509,
    "end": 1650852098510,
    "duration": 1,
    "pid": 30596,
    "index": 45
  },
  {
    "name": "Load extend/helper.js",
    "start": 1650852098511,
    "end": 1650852098524,
    "duration": 13,
    "pid": 30596,
    "index": 46
  },
  {
    "name": "Require(38) node_modules/egg-security/app/extend/helper.js",
    "start": 1650852098511,
    "end": 1650852098523,
    "duration": 12,
    "pid": 30596,
    "index": 47
  },
  {
    "name": "Require(39) node_modules/egg/app/extend/helper.js",
    "start": 1650852098523,
    "end": 1650852098523,
    "duration": 0,
    "pid": 30596,
    "index": 48
  },
  {
    "name": "Load app.js",
    "start": 1650852098524,
    "end": 1650852098566,
    "duration": 42,
    "pid": 30596,
    "index": 49
  },
  {
    "name": "Require(40) node_modules/egg-session/app.js",
    "start": 1650852098524,
    "end": 1650852098525,
    "duration": 1,
    "pid": 30596,
    "index": 50
  },
  {
    "name": "Require(41) node_modules/egg-security/app.js",
    "start": 1650852098525,
    "end": 1650852098526,
    "duration": 1,
    "pid": 30596,
    "index": 51
  },
  {
    "name": "Require(42) node_modules/egg-onerror/app.js",
    "start": 1650852098526,
    "end": 1650852098532,
    "duration": 6,
    "pid": 30596,
    "index": 52
  },
  {
    "name": "Require(43) node_modules/egg-i18n/app.js",
    "start": 1650852098532,
    "end": 1650852098549,
    "duration": 17,
    "pid": 30596,
    "index": 53
  },
  {
    "name": "Require(44) node_modules/egg-watcher/app.js",
    "start": 1650852098550,
    "end": 1650852098552,
    "duration": 2,
    "pid": 30596,
    "index": 54
  },
  {
    "name": "Require(45) node_modules/egg-schedule/app.js",
    "start": 1650852098552,
    "end": 1650852098553,
    "duration": 1,
    "pid": 30596,
    "index": 55
  },
  {
    "name": "Require(46) node_modules/egg-multipart/app.js",
    "start": 1650852098553,
    "end": 1650852098553,
    "duration": 0,
    "pid": 30596,
    "index": 56
  },
  {
    "name": "Require(47) node_modules/egg-development/app.js",
    "start": 1650852098553,
    "end": 1650852098554,
    "duration": 1,
    "pid": 30596,
    "index": 57
  },
  {
    "name": "Require(48) node_modules/egg-logrotator/app.js",
    "start": 1650852098554,
    "end": 1650852098554,
    "duration": 0,
    "pid": 30596,
    "index": 58
  },
  {
    "name": "Require(49) node_modules/egg-static/app.js",
    "start": 1650852098554,
    "end": 1650852098554,
    "duration": 0,
    "pid": 30596,
    "index": 59
  },
  {
    "name": "Require(50) node_modules/egg-view-nunjucks/app.js",
    "start": 1650852098554,
    "end": 1650852098555,
    "duration": 1,
    "pid": 30596,
    "index": 60
  },
  {
    "name": "Require(51) node_modules/egg-mysql/app.js",
    "start": 1650852098555,
    "end": 1650852098565,
    "duration": 10,
    "pid": 30596,
    "index": 61
  },
  {
    "name": "Require(52) node_modules/egg-mongoose/app.js",
    "start": 1650852098565,
    "end": 1650852098566,
    "duration": 1,
    "pid": 30596,
    "index": 62
  },
  {
    "name": "Before Start in node_modules/egg-watcher/lib/init.js:15:14",
    "start": 1650852098573,
    "end": 1650852098930,
    "duration": 357,
    "pid": 30596,
    "index": 63
  },
  {
    "name": "Before Start in node_modules/egg-mongoose/lib/mongoose.js:104:7",
    "start": 1650852098810,
    "end": 1650852099569,
    "duration": 759,
    "pid": 30596,
    "index": 64
  },
  {
    "name": "Before Start in node_modules/egg-mongoose/lib/mongoose.js:52:9",
    "start": 1650852098810,
    "end": 1650852098916,
    "duration": 106,
    "pid": 30596,
    "index": 65
  },
  {
    "name": "Load Service",
    "start": 1650852098810,
    "end": 1650852098813,
    "duration": 3,
    "pid": 30596,
    "index": 66
  },
  {
    "name": "Load \"service\" to Context",
    "start": 1650852098810,
    "end": 1650852098813,
    "duration": 3,
    "pid": 30596,
    "index": 67
  },
  {
    "name": "Load Middleware",
    "start": 1650852098813,
    "end": 1650852098888,
    "duration": 75,
    "pid": 30596,
    "index": 68
  },
  {
    "name": "Load \"middlewares\" to Application",
    "start": 1650852098813,
    "end": 1650852098876,
    "duration": 63,
    "pid": 30596,
    "index": 69
  },
  {
    "name": "Load Controller",
    "start": 1650852098888,
    "end": 1650852098892,
    "duration": 4,
    "pid": 30596,
    "index": 70
  },
  {
    "name": "Load \"controller\" to Application",
    "start": 1650852098888,
    "end": 1650852098892,
    "duration": 4,
    "pid": 30596,
    "index": 71
  },
  {
    "name": "Load Router",
    "start": 1650852098892,
    "end": 1650852098894,
    "duration": 2,
    "pid": 30596,
    "index": 72
  },
  {
    "name": "Require(53) app/router.js",
    "start": 1650852098892,
    "end": 1650852098893,
    "duration": 1,
    "pid": 30596,
    "index": 73
  },
  {
    "name": "Before Start in node_modules/egg-core/lib/egg.js:303:10",
    "start": 1650852098893,
    "end": 1650852098916,
    "duration": 23,
    "pid": 30596,
    "index": 74
  },
  {
    "name": "Load \"model\" to Application",
    "start": 1650852098902,
    "end": 1650852098915,
    "duration": 13,
    "pid": 30596,
    "index": 75
  }
]