[
  {
    "name": "Process Start",
    "start": 1650846698291,
    "end": 1650846700001,
    "duration": 1710,
    "pid": 6459,
    "index": 0
  },
  {
    "name": "Application Start",
    "start": 1650846700002,
    "end": 1650846700942,
    "duration": 940,
    "pid": 6459,
    "index": 1
  },
  {
    "name": "Load Plugin",
    "start": 1650846700007,
    "end": 1650846700017,
    "duration": 10,
    "pid": 6459,
    "index": 2
  },
  {
    "name": "Load Config",
    "start": 1650846700017,
    "end": 1650846700038,
    "duration": 21,
    "pid": 6459,
    "index": 3
  },
  {
    "name": "Require(0) config/config.default.js",
    "start": 1650846700018,
    "end": 1650846700018,
    "duration": 0,
    "pid": 6459,
    "index": 4
  },
  {
    "name": "Require(1) node_modules/egg-session/config/config.default.js",
    "start": 1650846700020,
    "end": 1650846700022,
    "duration": 2,
    "pid": 6459,
    "index": 5
  },
  {
    "name": "Require(2) node_modules/egg-security/config/config.default.js",
    "start": 1650846700023,
    "end": 1650846700024,
    "duration": 1,
    "pid": 6459,
    "index": 6
  },
  {
    "name": "Require(3) node_modules/egg-jsonp/config/config.default.js",
    "start": 1650846700026,
    "end": 1650846700027,
    "duration": 1,
    "pid": 6459,
    "index": 7
  },
  {
    "name": "Require(4) node_modules/egg-onerror/config/config.default.js",
    "start": 1650846700027,
    "end": 1650846700028,
    "duration": 1,
    "pid": 6459,
    "index": 8
  },
  {
    "name": "Require(5) node_modules/egg-i18n/config/config.default.js",
    "start": 1650846700029,
    "end": 1650846700029,
    "duration": 0,
    "pid": 6459,
    "index": 9
  },
  {
    "name": "Require(6) node_modules/egg-watcher/config/config.default.js",
    "start": 1650846700030,
    "end": 1650846700030,
    "duration": 0,
    "pid": 6459,
    "index": 10
  },
  {
    "name": "Require(7) node_modules/egg-schedule/config/config.default.js",
    "start": 1650846700030,
    "end": 1650846700030,
    "duration": 0,
    "pid": 6459,
    "index": 11
  },
  {
    "name": "Require(8) node_modules/egg-multipart/config/config.default.js",
    "start": 1650846700031,
    "end": 1650846700031,
    "duration": 0,
    "pid": 6459,
    "index": 12
  },
  {
    "name": "Require(9) node_modules/egg-development/config/config.default.js",
    "start": 1650846700031,
    "end": 1650846700031,
    "duration": 0,
    "pid": 6459,
    "index": 13
  },
  {
    "name": "Require(10) node_modules/egg-logrotator/config/config.default.js",
    "start": 1650846700032,
    "end": 1650846700032,
    "duration": 0,
    "pid": 6459,
    "index": 14
  },
  {
    "name": "Require(11) node_modules/egg-static/config/config.default.js",
    "start": 1650846700032,
    "end": 1650846700032,
    "duration": 0,
    "pid": 6459,
    "index": 15
  },
  {
    "name": "Require(12) node_modules/egg-view/config/config.default.js",
    "start": 1650846700032,
    "end": 1650846700032,
    "duration": 0,
    "pid": 6459,
    "index": 16
  },
  {
    "name": "Require(13) node_modules/egg-view-nunjucks/config/config.default.js",
    "start": 1650846700032,
    "end": 1650846700033,
    "duration": 1,
    "pid": 6459,
    "index": 17
  },
  {
    "name": "Require(14) node_modules/egg-mysql/config/config.default.js",
    "start": 1650846700033,
    "end": 1650846700033,
    "duration": 0,
    "pid": 6459,
    "index": 18
  },
  {
    "name": "Require(15) node_modules/egg-mongoose/config/config.default.js",
    "start": 1650846700033,
    "end": 1650846700033,
    "duration": 0,
    "pid": 6459,
    "index": 19
  },
  {
    "name": "Require(16) node_modules/egg/config/config.default.js",
    "start": 1650846700033,
    "end": 1650846700034,
    "duration": 1,
    "pid": 6459,
    "index": 20
  },
  {
    "name": "Require(17) config/config.default.js",
    "start": 1650846700035,
    "end": 1650846700035,
    "duration": 0,
    "pid": 6459,
    "index": 21
  },
  {
    "name": "Require(18) node_modules/egg-security/config/config.local.js",
    "start": 1650846700035,
    "end": 1650846700035,
    "duration": 0,
    "pid": 6459,
    "index": 22
  },
  {
    "name": "Require(19) node_modules/egg-watcher/config/config.local.js",
    "start": 1650846700037,
    "end": 1650846700037,
    "duration": 0,
    "pid": 6459,
    "index": 23
  },
  {
    "name": "Require(20) node_modules/egg-view/config/config.local.js",
    "start": 1650846700037,
    "end": 1650846700037,
    "duration": 0,
    "pid": 6459,
    "index": 24
  },
  {
    "name": "Require(21) node_modules/egg-view-nunjucks/config/config.local.js",
    "start": 1650846700037,
    "end": 1650846700038,
    "duration": 1,
    "pid": 6459,
    "index": 25
  },
  {
    "name": "Require(22) node_modules/egg/config/config.local.js",
    "start": 1650846700038,
    "end": 1650846700038,
    "duration": 0,
    "pid": 6459,
    "index": 26
  },
  {
    "name": "Load extend/application.js",
    "start": 1650846700040,
    "end": 1650846700071,
    "duration": 31,
    "pid": 6459,
    "index": 27
  },
  {
    "name": "Require(23) node_modules/egg-session/app/extend/application.js",
    "start": 1650846700040,
    "end": 1650846700041,
    "duration": 1,
    "pid": 6459,
    "index": 28
  },
  {
    "name": "Require(24) node_modules/egg-security/app/extend/application.js",
    "start": 1650846700044,
    "end": 1650846700047,
    "duration": 3,
    "pid": 6459,
    "index": 29
  },
  {
    "name": "Require(25) node_modules/egg-jsonp/app/extend/application.js",
    "start": 1650846700047,
    "end": 1650846700048,
    "duration": 1,
    "pid": 6459,
    "index": 30
  },
  {
    "name": "Require(26) node_modules/egg-logrotator/app/extend/application.js",
    "start": 1650846700048,
    "end": 1650846700049,
    "duration": 1,
    "pid": 6459,
    "index": 31
  },
  {
    "name": "Require(27) node_modules/egg-view/app/extend/application.js",
    "start": 1650846700049,
    "end": 1650846700050,
    "duration": 1,
    "pid": 6459,
    "index": 32
  },
  {
    "name": "Require(28) node_modules/egg-view-nunjucks/app/extend/application.js",
    "start": 1650846700050,
    "end": 1650846700070,
    "duration": 20,
    "pid": 6459,
    "index": 33
  },
  {
    "name": "Load extend/request.js",
    "start": 1650846700071,
    "end": 1650846700073,
    "duration": 2,
    "pid": 6459,
    "index": 34
  },
  {
    "name": "Require(29) node_modules/egg/app/extend/request.js",
    "start": 1650846700072,
    "end": 1650846700072,
    "duration": 0,
    "pid": 6459,
    "index": 35
  },
  {
    "name": "Load extend/response.js",
    "start": 1650846700073,
    "end": 1650846700074,
    "duration": 1,
    "pid": 6459,
    "index": 36
  },
  {
    "name": "Require(30) node_modules/egg/app/extend/response.js",
    "start": 1650846700073,
    "end": 1650846700074,
    "duration": 1,
    "pid": 6459,
    "index": 37
  },
  {
    "name": "Load extend/context.js",
    "start": 1650846700074,
    "end": 1650846700117,
    "duration": 43,
    "pid": 6459,
    "index": 38
  },
  {
    "name": "Require(31) node_modules/egg-security/app/extend/context.js",
    "start": 1650846700075,
    "end": 1650846700080,
    "duration": 5,
    "pid": 6459,
    "index": 39
  },
  {
    "name": "Require(32) node_modules/egg-jsonp/app/extend/context.js",
    "start": 1650846700080,
    "end": 1650846700081,
    "duration": 1,
    "pid": 6459,
    "index": 40
  },
  {
    "name": "Require(33) node_modules/egg-i18n/app/extend/context.js",
    "start": 1650846700081,
    "end": 1650846700081,
    "duration": 0,
    "pid": 6459,
    "index": 41
  },
  {
    "name": "Require(34) node_modules/egg-multipart/app/extend/context.js",
    "start": 1650846700081,
    "end": 1650846700114,
    "duration": 33,
    "pid": 6459,
    "index": 42
  },
  {
    "name": "Require(35) node_modules/egg-view/app/extend/context.js",
    "start": 1650846700114,
    "end": 1650846700115,
    "duration": 1,
    "pid": 6459,
    "index": 43
  },
  {
    "name": "Require(36) node_modules/egg-mongoose/app/extend/context.js",
    "start": 1650846700115,
    "end": 1650846700116,
    "duration": 1,
    "pid": 6459,
    "index": 44
  },
  {
    "name": "Require(37) node_modules/egg/app/extend/context.js",
    "start": 1650846700116,
    "end": 1650846700116,
    "duration": 0,
    "pid": 6459,
    "index": 45
  },
  {
    "name": "Load extend/helper.js",
    "start": 1650846700117,
    "end": 1650846700125,
    "duration": 8,
    "pid": 6459,
    "index": 46
  },
  {
    "name": "Require(38) node_modules/egg-security/app/extend/helper.js",
    "start": 1650846700117,
    "end": 1650846700124,
    "duration": 7,
    "pid": 6459,
    "index": 47
  },
  {
    "name": "Require(39) node_modules/egg/app/extend/helper.js",
    "start": 1650846700125,
    "end": 1650846700125,
    "duration": 0,
    "pid": 6459,
    "index": 48
  },
  {
    "name": "Load app.js",
    "start": 1650846700126,
    "end": 1650846700153,
    "duration": 27,
    "pid": 6459,
    "index": 49
  },
  {
    "name": "Require(40) node_modules/egg-session/app.js",
    "start": 1650846700126,
    "end": 1650846700126,
    "duration": 0,
    "pid": 6459,
    "index": 50
  },
  {
    "name": "Require(41) node_modules/egg-security/app.js",
    "start": 1650846700126,
    "end": 1650846700127,
    "duration": 1,
    "pid": 6459,
    "index": 51
  },
  {
    "name": "Require(42) node_modules/egg-onerror/app.js",
    "start": 1650846700127,
    "end": 1650846700131,
    "duration": 4,
    "pid": 6459,
    "index": 52
  },
  {
    "name": "Require(43) node_modules/egg-i18n/app.js",
    "start": 1650846700131,
    "end": 1650846700138,
    "duration": 7,
    "pid": 6459,
    "index": 53
  },
  {
    "name": "Require(44) node_modules/egg-watcher/app.js",
    "start": 1650846700138,
    "end": 1650846700139,
    "duration": 1,
    "pid": 6459,
    "index": 54
  },
  {
    "name": "Require(45) node_modules/egg-schedule/app.js",
    "start": 1650846700140,
    "end": 1650846700140,
    "duration": 0,
    "pid": 6459,
    "index": 55
  },
  {
    "name": "Require(46) node_modules/egg-multipart/app.js",
    "start": 1650846700140,
    "end": 1650846700140,
    "duration": 0,
    "pid": 6459,
    "index": 56
  },
  {
    "name": "Require(47) node_modules/egg-development/app.js",
    "start": 1650846700140,
    "end": 1650846700141,
    "duration": 1,
    "pid": 6459,
    "index": 57
  },
  {
    "name": "Require(48) node_modules/egg-logrotator/app.js",
    "start": 1650846700141,
    "end": 1650846700141,
    "duration": 0,
    "pid": 6459,
    "index": 58
  },
  {
    "name": "Require(49) node_modules/egg-static/app.js",
    "start": 1650846700141,
    "end": 1650846700141,
    "duration": 0,
    "pid": 6459,
    "index": 59
  },
  {
    "name": "Require(50) node_modules/egg-view-nunjucks/app.js",
    "start": 1650846700141,
    "end": 1650846700141,
    "duration": 0,
    "pid": 6459,
    "index": 60
  },
  {
    "name": "Require(51) node_modules/egg-mysql/app.js",
    "start": 1650846700141,
    "end": 1650846700151,
    "duration": 10,
    "pid": 6459,
    "index": 61
  },
  {
    "name": "Require(52) node_modules/egg-mongoose/app.js",
    "start": 1650846700153,
    "end": 1650846700153,
    "duration": 0,
    "pid": 6459,
    "index": 62
  },
  {
    "name": "Before Start in node_modules/egg-watcher/lib/init.js:15:14",
    "start": 1650846700162,
    "end": 1650846700519,
    "duration": 357,
    "pid": 6459,
    "index": 63
  },
  {
    "name": "Before Start in node_modules/egg-mongoose/lib/mongoose.js:104:7",
    "start": 1650846700394,
    "end": 1650846700942,
    "duration": 548,
    "pid": 6459,
    "index": 64
  },
  {
    "name": "Before Start in node_modules/egg-mongoose/lib/mongoose.js:52:9",
    "start": 1650846700395,
    "end": 1650846700500,
    "duration": 105,
    "pid": 6459,
    "index": 65
  },
  {
    "name": "Load Service",
    "start": 1650846700395,
    "end": 1650846700399,
    "duration": 4,
    "pid": 6459,
    "index": 66
  },
  {
    "name": "Load \"service\" to Context",
    "start": 1650846700395,
    "end": 1650846700399,
    "duration": 4,
    "pid": 6459,
    "index": 67
  },
  {
    "name": "Load Middleware",
    "start": 1650846700399,
    "end": 1650846700471,
    "duration": 72,
    "pid": 6459,
    "index": 68
  },
  {
    "name": "Load \"middlewares\" to Application",
    "start": 1650846700399,
    "end": 1650846700457,
    "duration": 58,
    "pid": 6459,
    "index": 69
  },
  {
    "name": "Load Controller",
    "start": 1650846700471,
    "end": 1650846700474,
    "duration": 3,
    "pid": 6459,
    "index": 70
  },
  {
    "name": "Load \"controller\" to Application",
    "start": 1650846700471,
    "end": 1650846700474,
    "duration": 3,
    "pid": 6459,
    "index": 71
  },
  {
    "name": "Load Router",
    "start": 1650846700474,
    "end": 1650846700477,
    "duration": 3,
    "pid": 6459,
    "index": 72
  },
  {
    "name": "Require(53) app/router.js",
    "start": 1650846700474,
    "end": 1650846700475,
    "duration": 1,
    "pid": 6459,
    "index": 73
  },
  {
    "name": "Before Start in node_modules/egg-core/lib/egg.js:303:10",
    "start": 1650846700475,
    "end": 1650846700500,
    "duration": 25,
    "pid": 6459,
    "index": 74
  },
  {
    "name": "Load \"model\" to Application",
    "start": 1650846700485,
    "end": 1650846700500,
    "duration": 15,
    "pid": 6459,
    "index": 75
  }
]