[
  {
    "name": "Process Start",
    "start": 1650852221367,
    "end": 1650852221991,
    "duration": 624,
    "pid": 31211,
    "index": 0
  },
  {
    "name": "Application Start",
    "start": 1650852221992,
    "end": 1650852223261,
    "duration": 1269,
    "pid": 31211,
    "index": 1
  },
  {
    "name": "Load Plugin",
    "start": 1650852221996,
    "end": 1650852222007,
    "duration": 11,
    "pid": 31211,
    "index": 2
  },
  {
    "name": "Load Config",
    "start": 1650852222007,
    "end": 1650852222039,
    "duration": 32,
    "pid": 31211,
    "index": 3
  },
  {
    "name": "Require(0) config/config.default.js",
    "start": 1650852222008,
    "end": 1650852222009,
    "duration": 1,
    "pid": 31211,
    "index": 4
  },
  {
    "name": "Require(1) node_modules/egg-session/config/config.default.js",
    "start": 1650852222010,
    "end": 1650852222013,
    "duration": 3,
    "pid": 31211,
    "index": 5
  },
  {
    "name": "Require(2) node_modules/egg-security/config/config.default.js",
    "start": 1650852222013,
    "end": 1650852222014,
    "duration": 1,
    "pid": 31211,
    "index": 6
  },
  {
    "name": "Require(3) node_modules/egg-jsonp/config/config.default.js",
    "start": 1650852222015,
    "end": 1650852222016,
    "duration": 1,
    "pid": 31211,
    "index": 7
  },
  {
    "name": "Require(4) node_modules/egg-onerror/config/config.default.js",
    "start": 1650852222016,
    "end": 1650852222017,
    "duration": 1,
    "pid": 31211,
    "index": 8
  },
  {
    "name": "Require(5) node_modules/egg-i18n/config/config.default.js",
    "start": 1650852222017,
    "end": 1650852222017,
    "duration": 0,
    "pid": 31211,
    "index": 9
  },
  {
    "name": "Require(6) node_modules/egg-watcher/config/config.default.js",
    "start": 1650852222018,
    "end": 1650852222018,
    "duration": 0,
    "pid": 31211,
    "index": 10
  },
  {
    "name": "Require(7) node_modules/egg-schedule/config/config.default.js",
    "start": 1650852222018,
    "end": 1650852222018,
    "duration": 0,
    "pid": 31211,
    "index": 11
  },
  {
    "name": "Require(8) node_modules/egg-multipart/config/config.default.js",
    "start": 1650852222019,
    "end": 1650852222019,
    "duration": 0,
    "pid": 31211,
    "index": 12
  },
  {
    "name": "Require(9) node_modules/egg-development/config/config.default.js",
    "start": 1650852222019,
    "end": 1650852222020,
    "duration": 1,
    "pid": 31211,
    "index": 13
  },
  {
    "name": "Require(10) node_modules/egg-logrotator/config/config.default.js",
    "start": 1650852222020,
    "end": 1650852222022,
    "duration": 2,
    "pid": 31211,
    "index": 14
  },
  {
    "name": "Require(11) node_modules/egg-static/config/config.default.js",
    "start": 1650852222023,
    "end": 1650852222025,
    "duration": 2,
    "pid": 31211,
    "index": 15
  },
  {
    "name": "Require(12) node_modules/egg-view/config/config.default.js",
    "start": 1650852222025,
    "end": 1650852222027,
    "duration": 2,
    "pid": 31211,
    "index": 16
  },
  {
    "name": "Require(13) node_modules/egg-view-nunjucks/config/config.default.js",
    "start": 1650852222027,
    "end": 1650852222028,
    "duration": 1,
    "pid": 31211,
    "index": 17
  },
  {
    "name": "Require(14) node_modules/egg-mysql/config/config.default.js",
    "start": 1650852222028,
    "end": 1650852222030,
    "duration": 2,
    "pid": 31211,
    "index": 18
  },
  {
    "name": "Require(15) node_modules/egg-mongoose/config/config.default.js",
    "start": 1650852222030,
    "end": 1650852222032,
    "duration": 2,
    "pid": 31211,
    "index": 19
  },
  {
    "name": "Require(16) node_modules/egg/config/config.default.js",
    "start": 1650852222032,
    "end": 1650852222033,
    "duration": 1,
    "pid": 31211,
    "index": 20
  },
  {
    "name": "Require(17) config/config.default.js",
    "start": 1650852222035,
    "end": 1650852222035,
    "duration": 0,
    "pid": 31211,
    "index": 21
  },
  {
    "name": "Require(18) node_modules/egg-security/config/config.local.js",
    "start": 1650852222035,
    "end": 1650852222036,
    "duration": 1,
    "pid": 31211,
    "index": 22
  },
  {
    "name": "Require(19) node_modules/egg-watcher/config/config.local.js",
    "start": 1650852222037,
    "end": 1650852222037,
    "duration": 0,
    "pid": 31211,
    "index": 23
  },
  {
    "name": "Require(20) node_modules/egg-view/config/config.local.js",
    "start": 1650852222038,
    "end": 1650852222038,
    "duration": 0,
    "pid": 31211,
    "index": 24
  },
  {
    "name": "Require(21) node_modules/egg-view-nunjucks/config/config.local.js",
    "start": 1650852222038,
    "end": 1650852222039,
    "duration": 1,
    "pid": 31211,
    "index": 25
  },
  {
    "name": "Require(22) node_modules/egg/config/config.local.js",
    "start": 1650852222039,
    "end": 1650852222039,
    "duration": 0,
    "pid": 31211,
    "index": 26
  },
  {
    "name": "Load extend/application.js",
    "start": 1650852222040,
    "end": 1650852222068,
    "duration": 28,
    "pid": 31211,
    "index": 27
  },
  {
    "name": "Require(23) node_modules/egg-session/app/extend/application.js",
    "start": 1650852222041,
    "end": 1650852222041,
    "duration": 0,
    "pid": 31211,
    "index": 28
  },
  {
    "name": "Require(24) node_modules/egg-security/app/extend/application.js",
    "start": 1650852222041,
    "end": 1650852222044,
    "duration": 3,
    "pid": 31211,
    "index": 29
  },
  {
    "name": "Require(25) node_modules/egg-jsonp/app/extend/application.js",
    "start": 1650852222044,
    "end": 1650852222045,
    "duration": 1,
    "pid": 31211,
    "index": 30
  },
  {
    "name": "Require(26) node_modules/egg-logrotator/app/extend/application.js",
    "start": 1650852222046,
    "end": 1650852222047,
    "duration": 1,
    "pid": 31211,
    "index": 31
  },
  {
    "name": "Require(27) node_modules/egg-view/app/extend/application.js",
    "start": 1650852222047,
    "end": 1650852222048,
    "duration": 1,
    "pid": 31211,
    "index": 32
  },
  {
    "name": "Require(28) node_modules/egg-view-nunjucks/app/extend/application.js",
    "start": 1650852222049,
    "end": 1650852222067,
    "duration": 18,
    "pid": 31211,
    "index": 33
  },
  {
    "name": "Load extend/request.js",
    "start": 1650852222068,
    "end": 1650852222070,
    "duration": 2,
    "pid": 31211,
    "index": 34
  },
  {
    "name": "Require(29) node_modules/egg/app/extend/request.js",
    "start": 1650852222069,
    "end": 1650852222069,
    "duration": 0,
    "pid": 31211,
    "index": 35
  },
  {
    "name": "Load extend/response.js",
    "start": 1650852222070,
    "end": 1650852222072,
    "duration": 2,
    "pid": 31211,
    "index": 36
  },
  {
    "name": "Require(30) node_modules/egg/app/extend/response.js",
    "start": 1650852222070,
    "end": 1650852222071,
    "duration": 1,
    "pid": 31211,
    "index": 37
  },
  {
    "name": "Load extend/context.js",
    "start": 1650852222072,
    "end": 1650852222117,
    "duration": 45,
    "pid": 31211,
    "index": 38
  },
  {
    "name": "Require(31) node_modules/egg-security/app/extend/context.js",
    "start": 1650852222072,
    "end": 1650852222077,
    "duration": 5,
    "pid": 31211,
    "index": 39
  },
  {
    "name": "Require(32) node_modules/egg-jsonp/app/extend/context.js",
    "start": 1650852222077,
    "end": 1650852222078,
    "duration": 1,
    "pid": 31211,
    "index": 40
  },
  {
    "name": "Require(33) node_modules/egg-i18n/app/extend/context.js",
    "start": 1650852222078,
    "end": 1650852222078,
    "duration": 0,
    "pid": 31211,
    "index": 41
  },
  {
    "name": "Require(34) node_modules/egg-multipart/app/extend/context.js",
    "start": 1650852222079,
    "end": 1650852222115,
    "duration": 36,
    "pid": 31211,
    "index": 42
  },
  {
    "name": "Require(35) node_modules/egg-view/app/extend/context.js",
    "start": 1650852222115,
    "end": 1650852222116,
    "duration": 1,
    "pid": 31211,
    "index": 43
  },
  {
    "name": "Require(36) node_modules/egg-mongoose/app/extend/context.js",
    "start": 1650852222116,
    "end": 1650852222116,
    "duration": 0,
    "pid": 31211,
    "index": 44
  },
  {
    "name": "Require(37) node_modules/egg/app/extend/context.js",
    "start": 1650852222116,
    "end": 1650852222117,
    "duration": 1,
    "pid": 31211,
    "index": 45
  },
  {
    "name": "Load extend/helper.js",
    "start": 1650852222117,
    "end": 1650852222131,
    "duration": 14,
    "pid": 31211,
    "index": 46
  },
  {
    "name": "Require(38) node_modules/egg-security/app/extend/helper.js",
    "start": 1650852222118,
    "end": 1650852222130,
    "duration": 12,
    "pid": 31211,
    "index": 47
  },
  {
    "name": "Require(39) node_modules/egg/app/extend/helper.js",
    "start": 1650852222131,
    "end": 1650852222131,
    "duration": 0,
    "pid": 31211,
    "index": 48
  },
  {
    "name": "Load app.js",
    "start": 1650852222132,
    "end": 1650852222157,
    "duration": 25,
    "pid": 31211,
    "index": 49
  },
  {
    "name": "Require(40) node_modules/egg-session/app.js",
    "start": 1650852222132,
    "end": 1650852222132,
    "duration": 0,
    "pid": 31211,
    "index": 50
  },
  {
    "name": "Require(41) node_modules/egg-security/app.js",
    "start": 1650852222132,
    "end": 1650852222133,
    "duration": 1,
    "pid": 31211,
    "index": 51
  },
  {
    "name": "Require(42) node_modules/egg-onerror/app.js",
    "start": 1650852222133,
    "end": 1650852222137,
    "duration": 4,
    "pid": 31211,
    "index": 52
  },
  {
    "name": "Require(43) node_modules/egg-i18n/app.js",
    "start": 1650852222137,
    "end": 1650852222143,
    "duration": 6,
    "pid": 31211,
    "index": 53
  },
  {
    "name": "Require(44) node_modules/egg-watcher/app.js",
    "start": 1650852222143,
    "end": 1650852222145,
    "duration": 2,
    "pid": 31211,
    "index": 54
  },
  {
    "name": "Require(45) node_modules/egg-schedule/app.js",
    "start": 1650852222145,
    "end": 1650852222145,
    "duration": 0,
    "pid": 31211,
    "index": 55
  },
  {
    "name": "Require(46) node_modules/egg-multipart/app.js",
    "start": 1650852222145,
    "end": 1650852222146,
    "duration": 1,
    "pid": 31211,
    "index": 56
  },
  {
    "name": "Require(47) node_modules/egg-development/app.js",
    "start": 1650852222146,
    "end": 1650852222146,
    "duration": 0,
    "pid": 31211,
    "index": 57
  },
  {
    "name": "Require(48) node_modules/egg-logrotator/app.js",
    "start": 1650852222146,
    "end": 1650852222146,
    "duration": 0,
    "pid": 31211,
    "index": 58
  },
  {
    "name": "Require(49) node_modules/egg-static/app.js",
    "start": 1650852222146,
    "end": 1650852222147,
    "duration": 1,
    "pid": 31211,
    "index": 59
  },
  {
    "name": "Require(50) node_modules/egg-view-nunjucks/app.js",
    "start": 1650852222147,
    "end": 1650852222147,
    "duration": 0,
    "pid": 31211,
    "index": 60
  },
  {
    "name": "Require(51) node_modules/egg-mysql/app.js",
    "start": 1650852222147,
    "end": 1650852222156,
    "duration": 9,
    "pid": 31211,
    "index": 61
  },
  {
    "name": "Require(52) node_modules/egg-mongoose/app.js",
    "start": 1650852222156,
    "end": 1650852222157,
    "duration": 1,
    "pid": 31211,
    "index": 62
  },
  {
    "name": "Before Start in node_modules/egg-watcher/lib/init.js:15:14",
    "start": 1650852222162,
    "end": 1650852222518,
    "duration": 356,
    "pid": 31211,
    "index": 63
  },
  {
    "name": "Before Start in node_modules/egg-mongoose/lib/mongoose.js:104:7",
    "start": 1650852222403,
    "end": 1650852223260,
    "duration": 857,
    "pid": 31211,
    "index": 64
  },
  {
    "name": "Before Start in node_modules/egg-mongoose/lib/mongoose.js:52:9",
    "start": 1650852222403,
    "end": 1650852222510,
    "duration": 107,
    "pid": 31211,
    "index": 65
  },
  {
    "name": "Load Service",
    "start": 1650852222403,
    "end": 1650852222407,
    "duration": 4,
    "pid": 31211,
    "index": 66
  },
  {
    "name": "Load \"service\" to Context",
    "start": 1650852222403,
    "end": 1650852222407,
    "duration": 4,
    "pid": 31211,
    "index": 67
  },
  {
    "name": "Load Middleware",
    "start": 1650852222407,
    "end": 1650852222477,
    "duration": 70,
    "pid": 31211,
    "index": 68
  },
  {
    "name": "Load \"middlewares\" to Application",
    "start": 1650852222407,
    "end": 1650852222464,
    "duration": 57,
    "pid": 31211,
    "index": 69
  },
  {
    "name": "Load Controller",
    "start": 1650852222477,
    "end": 1650852222482,
    "duration": 5,
    "pid": 31211,
    "index": 70
  },
  {
    "name": "Load \"controller\" to Application",
    "start": 1650852222477,
    "end": 1650852222482,
    "duration": 5,
    "pid": 31211,
    "index": 71
  },
  {
    "name": "Load Router",
    "start": 1650852222482,
    "end": 1650852222484,
    "duration": 2,
    "pid": 31211,
    "index": 72
  },
  {
    "name": "Require(53) app/router.js",
    "start": 1650852222482,
    "end": 1650852222482,
    "duration": 0,
    "pid": 31211,
    "index": 73
  },
  {
    "name": "Before Start in node_modules/egg-core/lib/egg.js:303:10",
    "start": 1650852222483,
    "end": 1650852222510,
    "duration": 27,
    "pid": 31211,
    "index": 74
  },
  {
    "name": "Load \"model\" to Application",
    "start": 1650852222495,
    "end": 1650852222509,
    "duration": 14,
    "pid": 31211,
    "index": 75
  }
]