[
  {
    "name": "Process Start",
    "start": 1650848256655,
    "end": 1650848257061,
    "duration": 406,
    "pid": 14415,
    "index": 0
  },
  {
    "name": "Application Start",
    "start": 1650848257062,
    "end": 1650848258027,
    "duration": 965,
    "pid": 14415,
    "index": 1
  },
  {
    "name": "Load Plugin",
    "start": 1650848257065,
    "end": 1650848257074,
    "duration": 9,
    "pid": 14415,
    "index": 2
  },
  {
    "name": "Load Config",
    "start": 1650848257074,
    "end": 1650848257086,
    "duration": 12,
    "pid": 14415,
    "index": 3
  },
  {
    "name": "Require(0) config/config.default.js",
    "start": 1650848257075,
    "end": 1650848257076,
    "duration": 1,
    "pid": 14415,
    "index": 4
  },
  {
    "name": "Require(1) node_modules/egg-session/config/config.default.js",
    "start": 1650848257078,
    "end": 1650848257078,
    "duration": 0,
    "pid": 14415,
    "index": 5
  },
  {
    "name": "Require(2) node_modules/egg-security/config/config.default.js",
    "start": 1650848257078,
    "end": 1650848257078,
    "duration": 0,
    "pid": 14415,
    "index": 6
  },
  {
    "name": "Require(3) node_modules/egg-jsonp/config/config.default.js",
    "start": 1650848257080,
    "end": 1650848257080,
    "duration": 0,
    "pid": 14415,
    "index": 7
  },
  {
    "name": "Require(4) node_modules/egg-onerror/config/config.default.js",
    "start": 1650848257080,
    "end": 1650848257080,
    "duration": 0,
    "pid": 14415,
    "index": 8
  },
  {
    "name": "Require(5) node_modules/egg-i18n/config/config.default.js",
    "start": 1650848257080,
    "end": 1650848257081,
    "duration": 1,
    "pid": 14415,
    "index": 9
  },
  {
    "name": "Require(6) node_modules/egg-watcher/config/config.default.js",
    "start": 1650848257081,
    "end": 1650848257081,
    "duration": 0,
    "pid": 14415,
    "index": 10
  },
  {
    "name": "Require(7) node_modules/egg-schedule/config/config.default.js",
    "start": 1650848257081,
    "end": 1650848257081,
    "duration": 0,
    "pid": 14415,
    "index": 11
  },
  {
    "name": "Require(8) node_modules/egg-multipart/config/config.default.js",
    "start": 1650848257081,
    "end": 1650848257082,
    "duration": 1,
    "pid": 14415,
    "index": 12
  },
  {
    "name": "Require(9) node_modules/egg-development/config/config.default.js",
    "start": 1650848257082,
    "end": 1650848257082,
    "duration": 0,
    "pid": 14415,
    "index": 13
  },
  {
    "name": "Require(10) node_modules/egg-logrotator/config/config.default.js",
    "start": 1650848257082,
    "end": 1650848257082,
    "duration": 0,
    "pid": 14415,
    "index": 14
  },
  {
    "name": "Require(11) node_modules/egg-static/config/config.default.js",
    "start": 1650848257082,
    "end": 1650848257082,
    "duration": 0,
    "pid": 14415,
    "index": 15
  },
  {
    "name": "Require(12) node_modules/egg-view/config/config.default.js",
    "start": 1650848257082,
    "end": 1650848257083,
    "duration": 1,
    "pid": 14415,
    "index": 16
  },
  {
    "name": "Require(13) node_modules/egg-view-nunjucks/config/config.default.js",
    "start": 1650848257083,
    "end": 1650848257083,
    "duration": 0,
    "pid": 14415,
    "index": 17
  },
  {
    "name": "Require(14) node_modules/egg-mysql/config/config.default.js",
    "start": 1650848257083,
    "end": 1650848257083,
    "duration": 0,
    "pid": 14415,
    "index": 18
  },
  {
    "name": "Require(15) node_modules/egg-mongoose/config/config.default.js",
    "start": 1650848257083,
    "end": 1650848257083,
    "duration": 0,
    "pid": 14415,
    "index": 19
  },
  {
    "name": "Require(16) node_modules/egg/config/config.default.js",
    "start": 1650848257083,
    "end": 1650848257084,
    "duration": 1,
    "pid": 14415,
    "index": 20
  },
  {
    "name": "Require(17) config/config.default.js",
    "start": 1650848257084,
    "end": 1650848257084,
    "duration": 0,
    "pid": 14415,
    "index": 21
  },
  {
    "name": "Require(18) node_modules/egg-security/config/config.local.js",
    "start": 1650848257084,
    "end": 1650848257084,
    "duration": 0,
    "pid": 14415,
    "index": 22
  },
  {
    "name": "Require(19) node_modules/egg-watcher/config/config.local.js",
    "start": 1650848257085,
    "end": 1650848257086,
    "duration": 1,
    "pid": 14415,
    "index": 23
  },
  {
    "name": "Require(20) node_modules/egg-view/config/config.local.js",
    "start": 1650848257086,
    "end": 1650848257086,
    "duration": 0,
    "pid": 14415,
    "index": 24
  },
  {
    "name": "Require(21) node_modules/egg-view-nunjucks/config/config.local.js",
    "start": 1650848257086,
    "end": 1650848257086,
    "duration": 0,
    "pid": 14415,
    "index": 25
  },
  {
    "name": "Require(22) node_modules/egg/config/config.local.js",
    "start": 1650848257086,
    "end": 1650848257086,
    "duration": 0,
    "pid": 14415,
    "index": 26
  },
  {
    "name": "Load extend/application.js",
    "start": 1650848257087,
    "end": 1650848257100,
    "duration": 13,
    "pid": 14415,
    "index": 27
  },
  {
    "name": "Require(23) node_modules/egg-session/app/extend/application.js",
    "start": 1650848257087,
    "end": 1650848257087,
    "duration": 0,
    "pid": 14415,
    "index": 28
  },
  {
    "name": "Require(24) node_modules/egg-security/app/extend/application.js",
    "start": 1650848257088,
    "end": 1650848257088,
    "duration": 0,
    "pid": 14415,
    "index": 29
  },
  {
    "name": "Require(25) node_modules/egg-jsonp/app/extend/application.js",
    "start": 1650848257088,
    "end": 1650848257088,
    "duration": 0,
    "pid": 14415,
    "index": 30
  },
  {
    "name": "Require(26) node_modules/egg-logrotator/app/extend/application.js",
    "start": 1650848257089,
    "end": 1650848257091,
    "duration": 2,
    "pid": 14415,
    "index": 31
  },
  {
    "name": "Require(27) node_modules/egg-view/app/extend/application.js",
    "start": 1650848257092,
    "end": 1650848257092,
    "duration": 0,
    "pid": 14415,
    "index": 32
  },
  {
    "name": "Require(28) node_modules/egg-view-nunjucks/app/extend/application.js",
    "start": 1650848257092,
    "end": 1650848257099,
    "duration": 7,
    "pid": 14415,
    "index": 33
  },
  {
    "name": "Load extend/request.js",
    "start": 1650848257100,
    "end": 1650848257101,
    "duration": 1,
    "pid": 14415,
    "index": 34
  },
  {
    "name": "Require(29) node_modules/egg/app/extend/request.js",
    "start": 1650848257101,
    "end": 1650848257101,
    "duration": 0,
    "pid": 14415,
    "index": 35
  },
  {
    "name": "Load extend/response.js",
    "start": 1650848257101,
    "end": 1650848257103,
    "duration": 2,
    "pid": 14415,
    "index": 36
  },
  {
    "name": "Require(30) node_modules/egg/app/extend/response.js",
    "start": 1650848257102,
    "end": 1650848257102,
    "duration": 0,
    "pid": 14415,
    "index": 37
  },
  {
    "name": "Load extend/context.js",
    "start": 1650848257103,
    "end": 1650848257127,
    "duration": 24,
    "pid": 14415,
    "index": 38
  },
  {
    "name": "Require(31) node_modules/egg-security/app/extend/context.js",
    "start": 1650848257103,
    "end": 1650848257105,
    "duration": 2,
    "pid": 14415,
    "index": 39
  },
  {
    "name": "Require(32) node_modules/egg-jsonp/app/extend/context.js",
    "start": 1650848257105,
    "end": 1650848257105,
    "duration": 0,
    "pid": 14415,
    "index": 40
  },
  {
    "name": "Require(33) node_modules/egg-i18n/app/extend/context.js",
    "start": 1650848257105,
    "end": 1650848257105,
    "duration": 0,
    "pid": 14415,
    "index": 41
  },
  {
    "name": "Require(34) node_modules/egg-multipart/app/extend/context.js",
    "start": 1650848257105,
    "end": 1650848257125,
    "duration": 20,
    "pid": 14415,
    "index": 42
  },
  {
    "name": "Require(35) node_modules/egg-view/app/extend/context.js",
    "start": 1650848257125,
    "end": 1650848257126,
    "duration": 1,
    "pid": 14415,
    "index": 43
  },
  {
    "name": "Require(36) node_modules/egg-mongoose/app/extend/context.js",
    "start": 1650848257126,
    "end": 1650848257126,
    "duration": 0,
    "pid": 14415,
    "index": 44
  },
  {
    "name": "Require(37) node_modules/egg/app/extend/context.js",
    "start": 1650848257126,
    "end": 1650848257126,
    "duration": 0,
    "pid": 14415,
    "index": 45
  },
  {
    "name": "Load extend/helper.js",
    "start": 1650848257127,
    "end": 1650848257137,
    "duration": 10,
    "pid": 14415,
    "index": 46
  },
  {
    "name": "Require(38) node_modules/egg-security/app/extend/helper.js",
    "start": 1650848257127,
    "end": 1650848257136,
    "duration": 9,
    "pid": 14415,
    "index": 47
  },
  {
    "name": "Require(39) node_modules/egg/app/extend/helper.js",
    "start": 1650848257137,
    "end": 1650848257137,
    "duration": 0,
    "pid": 14415,
    "index": 48
  },
  {
    "name": "Load app.js",
    "start": 1650848257137,
    "end": 1650848257151,
    "duration": 14,
    "pid": 14415,
    "index": 49
  },
  {
    "name": "Require(40) node_modules/egg-session/app.js",
    "start": 1650848257138,
    "end": 1650848257138,
    "duration": 0,
    "pid": 14415,
    "index": 50
  },
  {
    "name": "Require(41) node_modules/egg-security/app.js",
    "start": 1650848257138,
    "end": 1650848257138,
    "duration": 0,
    "pid": 14415,
    "index": 51
  },
  {
    "name": "Require(42) node_modules/egg-onerror/app.js",
    "start": 1650848257138,
    "end": 1650848257140,
    "duration": 2,
    "pid": 14415,
    "index": 52
  },
  {
    "name": "Require(43) node_modules/egg-i18n/app.js",
    "start": 1650848257140,
    "end": 1650848257144,
    "duration": 4,
    "pid": 14415,
    "index": 53
  },
  {
    "name": "Require(44) node_modules/egg-watcher/app.js",
    "start": 1650848257144,
    "end": 1650848257145,
    "duration": 1,
    "pid": 14415,
    "index": 54
  },
  {
    "name": "Require(45) node_modules/egg-schedule/app.js",
    "start": 1650848257145,
    "end": 1650848257145,
    "duration": 0,
    "pid": 14415,
    "index": 55
  },
  {
    "name": "Require(46) node_modules/egg-multipart/app.js",
    "start": 1650848257145,
    "end": 1650848257147,
    "duration": 2,
    "pid": 14415,
    "index": 56
  },
  {
    "name": "Require(47) node_modules/egg-development/app.js",
    "start": 1650848257147,
    "end": 1650848257147,
    "duration": 0,
    "pid": 14415,
    "index": 57
  },
  {
    "name": "Require(48) node_modules/egg-logrotator/app.js",
    "start": 1650848257147,
    "end": 1650848257147,
    "duration": 0,
    "pid": 14415,
    "index": 58
  },
  {
    "name": "Require(49) node_modules/egg-static/app.js",
    "start": 1650848257147,
    "end": 1650848257147,
    "duration": 0,
    "pid": 14415,
    "index": 59
  },
  {
    "name": "Require(50) node_modules/egg-view-nunjucks/app.js",
    "start": 1650848257147,
    "end": 1650848257147,
    "duration": 0,
    "pid": 14415,
    "index": 60
  },
  {
    "name": "Require(51) node_modules/egg-mysql/app.js",
    "start": 1650848257147,
    "end": 1650848257151,
    "duration": 4,
    "pid": 14415,
    "index": 61
  },
  {
    "name": "Require(52) node_modules/egg-mongoose/app.js",
    "start": 1650848257151,
    "end": 1650848257151,
    "duration": 0,
    "pid": 14415,
    "index": 62
  },
  {
    "name": "Before Start in node_modules/egg-watcher/lib/init.js:15:14",
    "start": 1650848257156,
    "end": 1650848257393,
    "duration": 237,
    "pid": 14415,
    "index": 63
  },
  {
    "name": "Before Start in node_modules/egg-mongoose/lib/mongoose.js:104:7",
    "start": 1650848257317,
    "end": 1650848258026,
    "duration": 709,
    "pid": 14415,
    "index": 64
  },
  {
    "name": "Before Start in node_modules/egg-mongoose/lib/mongoose.js:52:9",
    "start": 1650848257317,
    "end": 1650848257387,
    "duration": 70,
    "pid": 14415,
    "index": 65
  },
  {
    "name": "Load Service",
    "start": 1650848257317,
    "end": 1650848257320,
    "duration": 3,
    "pid": 14415,
    "index": 66
  },
  {
    "name": "Load \"service\" to Context",
    "start": 1650848257317,
    "end": 1650848257320,
    "duration": 3,
    "pid": 14415,
    "index": 67
  },
  {
    "name": "Load Middleware",
    "start": 1650848257320,
    "end": 1650848257360,
    "duration": 40,
    "pid": 14415,
    "index": 68
  },
  {
    "name": "Load \"middlewares\" to Application",
    "start": 1650848257321,
    "end": 1650848257349,
    "duration": 28,
    "pid": 14415,
    "index": 69
  },
  {
    "name": "Load Controller",
    "start": 1650848257361,
    "end": 1650848257363,
    "duration": 2,
    "pid": 14415,
    "index": 70
  },
  {
    "name": "Load \"controller\" to Application",
    "start": 1650848257361,
    "end": 1650848257363,
    "duration": 2,
    "pid": 14415,
    "index": 71
  },
  {
    "name": "Load Router",
    "start": 1650848257363,
    "end": 1650848257365,
    "duration": 2,
    "pid": 14415,
    "index": 72
  },
  {
    "name": "Require(53) app/router.js",
    "start": 1650848257363,
    "end": 1650848257363,
    "duration": 0,
    "pid": 14415,
    "index": 73
  },
  {
    "name": "Before Start in node_modules/egg-core/lib/egg.js:303:10",
    "start": 1650848257363,
    "end": 1650848257387,
    "duration": 24,
    "pid": 14415,
    "index": 74
  },
  {
    "name": "Load \"model\" to Application",
    "start": 1650848257370,
    "end": 1650848257386,
    "duration": 16,
    "pid": 14415,
    "index": 75
  }
]