[
  {
    "name": "Process Start",
    "start": 1650852336233,
    "end": 1650852336868,
    "duration": 635,
    "pid": 31855,
    "index": 0
  },
  {
    "name": "Application Start",
    "start": 1650852336868,
    "end": 1650852337892,
    "duration": 1024,
    "pid": 31855,
    "index": 1
  },
  {
    "name": "Load Plugin",
    "start": 1650852336871,
    "end": 1650852336886,
    "duration": 15,
    "pid": 31855,
    "index": 2
  },
  {
    "name": "Load Config",
    "start": 1650852336886,
    "end": 1650852336902,
    "duration": 16,
    "pid": 31855,
    "index": 3
  },
  {
    "name": "Require(0) config/config.default.js",
    "start": 1650852336886,
    "end": 1650852336887,
    "duration": 1,
    "pid": 31855,
    "index": 4
  },
  {
    "name": "Require(1) node_modules/egg-session/config/config.default.js",
    "start": 1650852336889,
    "end": 1650852336889,
    "duration": 0,
    "pid": 31855,
    "index": 5
  },
  {
    "name": "Require(2) node_modules/egg-security/config/config.default.js",
    "start": 1650852336889,
    "end": 1650852336890,
    "duration": 1,
    "pid": 31855,
    "index": 6
  },
  {
    "name": "Require(3) node_modules/egg-jsonp/config/config.default.js",
    "start": 1650852336891,
    "end": 1650852336892,
    "duration": 1,
    "pid": 31855,
    "index": 7
  },
  {
    "name": "Require(4) node_modules/egg-onerror/config/config.default.js",
    "start": 1650852336892,
    "end": 1650852336892,
    "duration": 0,
    "pid": 31855,
    "index": 8
  },
  {
    "name": "Require(5) node_modules/egg-i18n/config/config.default.js",
    "start": 1650852336892,
    "end": 1650852336892,
    "duration": 0,
    "pid": 31855,
    "index": 9
  },
  {
    "name": "Require(6) node_modules/egg-watcher/config/config.default.js",
    "start": 1650852336893,
    "end": 1650852336893,
    "duration": 0,
    "pid": 31855,
    "index": 10
  },
  {
    "name": "Require(7) node_modules/egg-schedule/config/config.default.js",
    "start": 1650852336893,
    "end": 1650852336893,
    "duration": 0,
    "pid": 31855,
    "index": 11
  },
  {
    "name": "Require(8) node_modules/egg-multipart/config/config.default.js",
    "start": 1650852336894,
    "end": 1650852336894,
    "duration": 0,
    "pid": 31855,
    "index": 12
  },
  {
    "name": "Require(9) node_modules/egg-development/config/config.default.js",
    "start": 1650852336894,
    "end": 1650852336895,
    "duration": 1,
    "pid": 31855,
    "index": 13
  },
  {
    "name": "Require(10) node_modules/egg-logrotator/config/config.default.js",
    "start": 1650852336895,
    "end": 1650852336895,
    "duration": 0,
    "pid": 31855,
    "index": 14
  },
  {
    "name": "Require(11) node_modules/egg-static/config/config.default.js",
    "start": 1650852336895,
    "end": 1650852336895,
    "duration": 0,
    "pid": 31855,
    "index": 15
  },
  {
    "name": "Require(12) node_modules/egg-view/config/config.default.js",
    "start": 1650852336896,
    "end": 1650852336896,
    "duration": 0,
    "pid": 31855,
    "index": 16
  },
  {
    "name": "Require(13) node_modules/egg-view-nunjucks/config/config.default.js",
    "start": 1650852336896,
    "end": 1650852336896,
    "duration": 0,
    "pid": 31855,
    "index": 17
  },
  {
    "name": "Require(14) node_modules/egg-mysql/config/config.default.js",
    "start": 1650852336896,
    "end": 1650852336897,
    "duration": 1,
    "pid": 31855,
    "index": 18
  },
  {
    "name": "Require(15) node_modules/egg-mongoose/config/config.default.js",
    "start": 1650852336897,
    "end": 1650852336897,
    "duration": 0,
    "pid": 31855,
    "index": 19
  },
  {
    "name": "Require(16) node_modules/egg/config/config.default.js",
    "start": 1650852336897,
    "end": 1650852336898,
    "duration": 1,
    "pid": 31855,
    "index": 20
  },
  {
    "name": "Require(17) config/config.default.js",
    "start": 1650852336899,
    "end": 1650852336899,
    "duration": 0,
    "pid": 31855,
    "index": 21
  },
  {
    "name": "Require(18) node_modules/egg-security/config/config.local.js",
    "start": 1650852336899,
    "end": 1650852336899,
    "duration": 0,
    "pid": 31855,
    "index": 22
  },
  {
    "name": "Require(19) node_modules/egg-watcher/config/config.local.js",
    "start": 1650852336900,
    "end": 1650852336900,
    "duration": 0,
    "pid": 31855,
    "index": 23
  },
  {
    "name": "Require(20) node_modules/egg-view/config/config.local.js",
    "start": 1650852336901,
    "end": 1650852336901,
    "duration": 0,
    "pid": 31855,
    "index": 24
  },
  {
    "name": "Require(21) node_modules/egg-view-nunjucks/config/config.local.js",
    "start": 1650852336901,
    "end": 1650852336901,
    "duration": 0,
    "pid": 31855,
    "index": 25
  },
  {
    "name": "Require(22) node_modules/egg/config/config.local.js",
    "start": 1650852336901,
    "end": 1650852336902,
    "duration": 1,
    "pid": 31855,
    "index": 26
  },
  {
    "name": "Load extend/application.js",
    "start": 1650852336902,
    "end": 1650852336922,
    "duration": 20,
    "pid": 31855,
    "index": 27
  },
  {
    "name": "Require(23) node_modules/egg-session/app/extend/application.js",
    "start": 1650852336903,
    "end": 1650852336903,
    "duration": 0,
    "pid": 31855,
    "index": 28
  },
  {
    "name": "Require(24) node_modules/egg-security/app/extend/application.js",
    "start": 1650852336903,
    "end": 1650852336904,
    "duration": 1,
    "pid": 31855,
    "index": 29
  },
  {
    "name": "Require(25) node_modules/egg-jsonp/app/extend/application.js",
    "start": 1650852336906,
    "end": 1650852336908,
    "duration": 2,
    "pid": 31855,
    "index": 30
  },
  {
    "name": "Require(26) node_modules/egg-logrotator/app/extend/application.js",
    "start": 1650852336908,
    "end": 1650852336909,
    "duration": 1,
    "pid": 31855,
    "index": 31
  },
  {
    "name": "Require(27) node_modules/egg-view/app/extend/application.js",
    "start": 1650852336909,
    "end": 1650852336910,
    "duration": 1,
    "pid": 31855,
    "index": 32
  },
  {
    "name": "Require(28) node_modules/egg-view-nunjucks/app/extend/application.js",
    "start": 1650852336910,
    "end": 1650852336921,
    "duration": 11,
    "pid": 31855,
    "index": 33
  },
  {
    "name": "Load extend/request.js",
    "start": 1650852336922,
    "end": 1650852336923,
    "duration": 1,
    "pid": 31855,
    "index": 34
  },
  {
    "name": "Require(29) node_modules/egg/app/extend/request.js",
    "start": 1650852336922,
    "end": 1650852336923,
    "duration": 1,
    "pid": 31855,
    "index": 35
  },
  {
    "name": "Load extend/response.js",
    "start": 1650852336923,
    "end": 1650852336925,
    "duration": 2,
    "pid": 31855,
    "index": 36
  },
  {
    "name": "Require(30) node_modules/egg/app/extend/response.js",
    "start": 1650852336924,
    "end": 1650852336925,
    "duration": 1,
    "pid": 31855,
    "index": 37
  },
  {
    "name": "Load extend/context.js",
    "start": 1650852336925,
    "end": 1650852336961,
    "duration": 36,
    "pid": 31855,
    "index": 38
  },
  {
    "name": "Require(31) node_modules/egg-security/app/extend/context.js",
    "start": 1650852336925,
    "end": 1650852336929,
    "duration": 4,
    "pid": 31855,
    "index": 39
  },
  {
    "name": "Require(32) node_modules/egg-jsonp/app/extend/context.js",
    "start": 1650852336929,
    "end": 1650852336930,
    "duration": 1,
    "pid": 31855,
    "index": 40
  },
  {
    "name": "Require(33) node_modules/egg-i18n/app/extend/context.js",
    "start": 1650852336930,
    "end": 1650852336930,
    "duration": 0,
    "pid": 31855,
    "index": 41
  },
  {
    "name": "Require(34) node_modules/egg-multipart/app/extend/context.js",
    "start": 1650852336930,
    "end": 1650852336959,
    "duration": 29,
    "pid": 31855,
    "index": 42
  },
  {
    "name": "Require(35) node_modules/egg-view/app/extend/context.js",
    "start": 1650852336959,
    "end": 1650852336960,
    "duration": 1,
    "pid": 31855,
    "index": 43
  },
  {
    "name": "Require(36) node_modules/egg-mongoose/app/extend/context.js",
    "start": 1650852336960,
    "end": 1650852336960,
    "duration": 0,
    "pid": 31855,
    "index": 44
  },
  {
    "name": "Require(37) node_modules/egg/app/extend/context.js",
    "start": 1650852336960,
    "end": 1650852336961,
    "duration": 1,
    "pid": 31855,
    "index": 45
  },
  {
    "name": "Load extend/helper.js",
    "start": 1650852336961,
    "end": 1650852336974,
    "duration": 13,
    "pid": 31855,
    "index": 46
  },
  {
    "name": "Require(38) node_modules/egg-security/app/extend/helper.js",
    "start": 1650852336961,
    "end": 1650852336973,
    "duration": 12,
    "pid": 31855,
    "index": 47
  },
  {
    "name": "Require(39) node_modules/egg/app/extend/helper.js",
    "start": 1650852336973,
    "end": 1650852336974,
    "duration": 1,
    "pid": 31855,
    "index": 48
  },
  {
    "name": "Load app.js",
    "start": 1650852336974,
    "end": 1650852337008,
    "duration": 34,
    "pid": 31855,
    "index": 49
  },
  {
    "name": "Require(40) node_modules/egg-session/app.js",
    "start": 1650852336974,
    "end": 1650852336975,
    "duration": 1,
    "pid": 31855,
    "index": 50
  },
  {
    "name": "Require(41) node_modules/egg-security/app.js",
    "start": 1650852336975,
    "end": 1650852336976,
    "duration": 1,
    "pid": 31855,
    "index": 51
  },
  {
    "name": "Require(42) node_modules/egg-onerror/app.js",
    "start": 1650852336976,
    "end": 1650852336979,
    "duration": 3,
    "pid": 31855,
    "index": 52
  },
  {
    "name": "Require(43) node_modules/egg-i18n/app.js",
    "start": 1650852336979,
    "end": 1650852336986,
    "duration": 7,
    "pid": 31855,
    "index": 53
  },
  {
    "name": "Require(44) node_modules/egg-watcher/app.js",
    "start": 1650852336986,
    "end": 1650852336988,
    "duration": 2,
    "pid": 31855,
    "index": 54
  },
  {
    "name": "Require(45) node_modules/egg-schedule/app.js",
    "start": 1650852336988,
    "end": 1650852336988,
    "duration": 0,
    "pid": 31855,
    "index": 55
  },
  {
    "name": "Require(46) node_modules/egg-multipart/app.js",
    "start": 1650852336989,
    "end": 1650852336995,
    "duration": 6,
    "pid": 31855,
    "index": 56
  },
  {
    "name": "Require(47) node_modules/egg-development/app.js",
    "start": 1650852336996,
    "end": 1650852336996,
    "duration": 0,
    "pid": 31855,
    "index": 57
  },
  {
    "name": "Require(48) node_modules/egg-logrotator/app.js",
    "start": 1650852336996,
    "end": 1650852336997,
    "duration": 1,
    "pid": 31855,
    "index": 58
  },
  {
    "name": "Require(49) node_modules/egg-static/app.js",
    "start": 1650852336997,
    "end": 1650852336997,
    "duration": 0,
    "pid": 31855,
    "index": 59
  },
  {
    "name": "Require(50) node_modules/egg-view-nunjucks/app.js",
    "start": 1650852336997,
    "end": 1650852336998,
    "duration": 1,
    "pid": 31855,
    "index": 60
  },
  {
    "name": "Require(51) node_modules/egg-mysql/app.js",
    "start": 1650852336998,
    "end": 1650852337008,
    "duration": 10,
    "pid": 31855,
    "index": 61
  },
  {
    "name": "Require(52) node_modules/egg-mongoose/app.js",
    "start": 1650852337008,
    "end": 1650852337008,
    "duration": 0,
    "pid": 31855,
    "index": 62
  },
  {
    "name": "Before Start in node_modules/egg-watcher/lib/init.js:15:14",
    "start": 1650852337014,
    "end": 1650852337334,
    "duration": 320,
    "pid": 31855,
    "index": 63
  },
  {
    "name": "Before Start in node_modules/egg-mongoose/lib/mongoose.js:104:7",
    "start": 1650852337237,
    "end": 1650852337891,
    "duration": 654,
    "pid": 31855,
    "index": 64
  },
  {
    "name": "Before Start in node_modules/egg-mongoose/lib/mongoose.js:52:9",
    "start": 1650852337237,
    "end": 1650852337324,
    "duration": 87,
    "pid": 31855,
    "index": 65
  },
  {
    "name": "Load Service",
    "start": 1650852337237,
    "end": 1650852337240,
    "duration": 3,
    "pid": 31855,
    "index": 66
  },
  {
    "name": "Load \"service\" to Context",
    "start": 1650852337237,
    "end": 1650852337240,
    "duration": 3,
    "pid": 31855,
    "index": 67
  },
  {
    "name": "Load Middleware",
    "start": 1650852337241,
    "end": 1650852337300,
    "duration": 59,
    "pid": 31855,
    "index": 68
  },
  {
    "name": "Load \"middlewares\" to Application",
    "start": 1650852337241,
    "end": 1650852337288,
    "duration": 47,
    "pid": 31855,
    "index": 69
  },
  {
    "name": "Load Controller",
    "start": 1650852337300,
    "end": 1650852337303,
    "duration": 3,
    "pid": 31855,
    "index": 70
  },
  {
    "name": "Load \"controller\" to Application",
    "start": 1650852337300,
    "end": 1650852337303,
    "duration": 3,
    "pid": 31855,
    "index": 71
  },
  {
    "name": "Load Router",
    "start": 1650852337303,
    "end": 1650852337305,
    "duration": 2,
    "pid": 31855,
    "index": 72
  },
  {
    "name": "Require(53) app/router.js",
    "start": 1650852337303,
    "end": 1650852337304,
    "duration": 1,
    "pid": 31855,
    "index": 73
  },
  {
    "name": "Before Start in node_modules/egg-core/lib/egg.js:303:10",
    "start": 1650852337304,
    "end": 1650852337324,
    "duration": 20,
    "pid": 31855,
    "index": 74
  },
  {
    "name": "Load \"model\" to Application",
    "start": 1650852337311,
    "end": 1650852337324,
    "duration": 13,
    "pid": 31855,
    "index": 75
  }
]