[
  {
    "name": "Process Start",
    "start": 1650848250733,
    "end": 1650848251172,
    "duration": 439,
    "pid": 14379,
    "index": 0
  },
  {
    "name": "Application Start",
    "start": 1650848251172,
    "end": 1650848252079,
    "duration": 907,
    "pid": 14379,
    "index": 1
  },
  {
    "name": "Load Plugin",
    "start": 1650848251177,
    "end": 1650848251185,
    "duration": 8,
    "pid": 14379,
    "index": 2
  },
  {
    "name": "Load Config",
    "start": 1650848251185,
    "end": 1650848251198,
    "duration": 13,
    "pid": 14379,
    "index": 3
  },
  {
    "name": "Require(0) config/config.default.js",
    "start": 1650848251186,
    "end": 1650848251187,
    "duration": 1,
    "pid": 14379,
    "index": 4
  },
  {
    "name": "Require(1) node_modules/egg-session/config/config.default.js",
    "start": 1650848251188,
    "end": 1650848251189,
    "duration": 1,
    "pid": 14379,
    "index": 5
  },
  {
    "name": "Require(2) node_modules/egg-security/config/config.default.js",
    "start": 1650848251189,
    "end": 1650848251189,
    "duration": 0,
    "pid": 14379,
    "index": 6
  },
  {
    "name": "Require(3) node_modules/egg-jsonp/config/config.default.js",
    "start": 1650848251190,
    "end": 1650848251191,
    "duration": 1,
    "pid": 14379,
    "index": 7
  },
  {
    "name": "Require(4) node_modules/egg-onerror/config/config.default.js",
    "start": 1650848251191,
    "end": 1650848251191,
    "duration": 0,
    "pid": 14379,
    "index": 8
  },
  {
    "name": "Require(5) node_modules/egg-i18n/config/config.default.js",
    "start": 1650848251191,
    "end": 1650848251192,
    "duration": 1,
    "pid": 14379,
    "index": 9
  },
  {
    "name": "Require(6) node_modules/egg-watcher/config/config.default.js",
    "start": 1650848251192,
    "end": 1650848251192,
    "duration": 0,
    "pid": 14379,
    "index": 10
  },
  {
    "name": "Require(7) node_modules/egg-schedule/config/config.default.js",
    "start": 1650848251192,
    "end": 1650848251192,
    "duration": 0,
    "pid": 14379,
    "index": 11
  },
  {
    "name": "Require(8) node_modules/egg-multipart/config/config.default.js",
    "start": 1650848251193,
    "end": 1650848251193,
    "duration": 0,
    "pid": 14379,
    "index": 12
  },
  {
    "name": "Require(9) node_modules/egg-development/config/config.default.js",
    "start": 1650848251193,
    "end": 1650848251193,
    "duration": 0,
    "pid": 14379,
    "index": 13
  },
  {
    "name": "Require(10) node_modules/egg-logrotator/config/config.default.js",
    "start": 1650848251193,
    "end": 1650848251193,
    "duration": 0,
    "pid": 14379,
    "index": 14
  },
  {
    "name": "Require(11) node_modules/egg-static/config/config.default.js",
    "start": 1650848251193,
    "end": 1650848251194,
    "duration": 1,
    "pid": 14379,
    "index": 15
  },
  {
    "name": "Require(12) node_modules/egg-view/config/config.default.js",
    "start": 1650848251194,
    "end": 1650848251194,
    "duration": 0,
    "pid": 14379,
    "index": 16
  },
  {
    "name": "Require(13) node_modules/egg-view-nunjucks/config/config.default.js",
    "start": 1650848251194,
    "end": 1650848251194,
    "duration": 0,
    "pid": 14379,
    "index": 17
  },
  {
    "name": "Require(14) node_modules/egg-mysql/config/config.default.js",
    "start": 1650848251194,
    "end": 1650848251194,
    "duration": 0,
    "pid": 14379,
    "index": 18
  },
  {
    "name": "Require(15) node_modules/egg-mongoose/config/config.default.js",
    "start": 1650848251194,
    "end": 1650848251195,
    "duration": 1,
    "pid": 14379,
    "index": 19
  },
  {
    "name": "Require(16) node_modules/egg/config/config.default.js",
    "start": 1650848251195,
    "end": 1650848251195,
    "duration": 0,
    "pid": 14379,
    "index": 20
  },
  {
    "name": "Require(17) config/config.default.js",
    "start": 1650848251196,
    "end": 1650848251196,
    "duration": 0,
    "pid": 14379,
    "index": 21
  },
  {
    "name": "Require(18) node_modules/egg-security/config/config.local.js",
    "start": 1650848251196,
    "end": 1650848251196,
    "duration": 0,
    "pid": 14379,
    "index": 22
  },
  {
    "name": "Require(19) node_modules/egg-watcher/config/config.local.js",
    "start": 1650848251197,
    "end": 1650848251197,
    "duration": 0,
    "pid": 14379,
    "index": 23
  },
  {
    "name": "Require(20) node_modules/egg-view/config/config.local.js",
    "start": 1650848251197,
    "end": 1650848251198,
    "duration": 1,
    "pid": 14379,
    "index": 24
  },
  {
    "name": "Require(21) node_modules/egg-view-nunjucks/config/config.local.js",
    "start": 1650848251198,
    "end": 1650848251198,
    "duration": 0,
    "pid": 14379,
    "index": 25
  },
  {
    "name": "Require(22) node_modules/egg/config/config.local.js",
    "start": 1650848251198,
    "end": 1650848251198,
    "duration": 0,
    "pid": 14379,
    "index": 26
  },
  {
    "name": "Load extend/application.js",
    "start": 1650848251199,
    "end": 1650848251213,
    "duration": 14,
    "pid": 14379,
    "index": 27
  },
  {
    "name": "Require(23) node_modules/egg-session/app/extend/application.js",
    "start": 1650848251199,
    "end": 1650848251199,
    "duration": 0,
    "pid": 14379,
    "index": 28
  },
  {
    "name": "Require(24) node_modules/egg-security/app/extend/application.js",
    "start": 1650848251199,
    "end": 1650848251200,
    "duration": 1,
    "pid": 14379,
    "index": 29
  },
  {
    "name": "Require(25) node_modules/egg-jsonp/app/extend/application.js",
    "start": 1650848251200,
    "end": 1650848251200,
    "duration": 0,
    "pid": 14379,
    "index": 30
  },
  {
    "name": "Require(26) node_modules/egg-logrotator/app/extend/application.js",
    "start": 1650848251202,
    "end": 1650848251203,
    "duration": 1,
    "pid": 14379,
    "index": 31
  },
  {
    "name": "Require(27) node_modules/egg-view/app/extend/application.js",
    "start": 1650848251203,
    "end": 1650848251204,
    "duration": 1,
    "pid": 14379,
    "index": 32
  },
  {
    "name": "Require(28) node_modules/egg-view-nunjucks/app/extend/application.js",
    "start": 1650848251204,
    "end": 1650848251212,
    "duration": 8,
    "pid": 14379,
    "index": 33
  },
  {
    "name": "Load extend/request.js",
    "start": 1650848251213,
    "end": 1650848251215,
    "duration": 2,
    "pid": 14379,
    "index": 34
  },
  {
    "name": "Require(29) node_modules/egg/app/extend/request.js",
    "start": 1650848251214,
    "end": 1650848251214,
    "duration": 0,
    "pid": 14379,
    "index": 35
  },
  {
    "name": "Load extend/response.js",
    "start": 1650848251215,
    "end": 1650848251216,
    "duration": 1,
    "pid": 14379,
    "index": 36
  },
  {
    "name": "Require(30) node_modules/egg/app/extend/response.js",
    "start": 1650848251215,
    "end": 1650848251215,
    "duration": 0,
    "pid": 14379,
    "index": 37
  },
  {
    "name": "Load extend/context.js",
    "start": 1650848251216,
    "end": 1650848251246,
    "duration": 30,
    "pid": 14379,
    "index": 38
  },
  {
    "name": "Require(31) node_modules/egg-security/app/extend/context.js",
    "start": 1650848251216,
    "end": 1650848251218,
    "duration": 2,
    "pid": 14379,
    "index": 39
  },
  {
    "name": "Require(32) node_modules/egg-jsonp/app/extend/context.js",
    "start": 1650848251218,
    "end": 1650848251219,
    "duration": 1,
    "pid": 14379,
    "index": 40
  },
  {
    "name": "Require(33) node_modules/egg-i18n/app/extend/context.js",
    "start": 1650848251219,
    "end": 1650848251219,
    "duration": 0,
    "pid": 14379,
    "index": 41
  },
  {
    "name": "Require(34) node_modules/egg-multipart/app/extend/context.js",
    "start": 1650848251219,
    "end": 1650848251244,
    "duration": 25,
    "pid": 14379,
    "index": 42
  },
  {
    "name": "Require(35) node_modules/egg-view/app/extend/context.js",
    "start": 1650848251244,
    "end": 1650848251244,
    "duration": 0,
    "pid": 14379,
    "index": 43
  },
  {
    "name": "Require(36) node_modules/egg-mongoose/app/extend/context.js",
    "start": 1650848251244,
    "end": 1650848251245,
    "duration": 1,
    "pid": 14379,
    "index": 44
  },
  {
    "name": "Require(37) node_modules/egg/app/extend/context.js",
    "start": 1650848251245,
    "end": 1650848251245,
    "duration": 0,
    "pid": 14379,
    "index": 45
  },
  {
    "name": "Load extend/helper.js",
    "start": 1650848251246,
    "end": 1650848251259,
    "duration": 13,
    "pid": 14379,
    "index": 46
  },
  {
    "name": "Require(38) node_modules/egg-security/app/extend/helper.js",
    "start": 1650848251246,
    "end": 1650848251258,
    "duration": 12,
    "pid": 14379,
    "index": 47
  },
  {
    "name": "Require(39) node_modules/egg/app/extend/helper.js",
    "start": 1650848251259,
    "end": 1650848251259,
    "duration": 0,
    "pid": 14379,
    "index": 48
  },
  {
    "name": "Load app.js",
    "start": 1650848251260,
    "end": 1650848251292,
    "duration": 32,
    "pid": 14379,
    "index": 49
  },
  {
    "name": "Require(40) node_modules/egg-session/app.js",
    "start": 1650848251260,
    "end": 1650848251260,
    "duration": 0,
    "pid": 14379,
    "index": 50
  },
  {
    "name": "Require(41) node_modules/egg-security/app.js",
    "start": 1650848251260,
    "end": 1650848251261,
    "duration": 1,
    "pid": 14379,
    "index": 51
  },
  {
    "name": "Require(42) node_modules/egg-onerror/app.js",
    "start": 1650848251261,
    "end": 1650848251267,
    "duration": 6,
    "pid": 14379,
    "index": 52
  },
  {
    "name": "Require(43) node_modules/egg-i18n/app.js",
    "start": 1650848251267,
    "end": 1650848251271,
    "duration": 4,
    "pid": 14379,
    "index": 53
  },
  {
    "name": "Require(44) node_modules/egg-watcher/app.js",
    "start": 1650848251271,
    "end": 1650848251272,
    "duration": 1,
    "pid": 14379,
    "index": 54
  },
  {
    "name": "Require(45) node_modules/egg-schedule/app.js",
    "start": 1650848251273,
    "end": 1650848251273,
    "duration": 0,
    "pid": 14379,
    "index": 55
  },
  {
    "name": "Require(46) node_modules/egg-multipart/app.js",
    "start": 1650848251273,
    "end": 1650848251274,
    "duration": 1,
    "pid": 14379,
    "index": 56
  },
  {
    "name": "Require(47) node_modules/egg-development/app.js",
    "start": 1650848251274,
    "end": 1650848251276,
    "duration": 2,
    "pid": 14379,
    "index": 57
  },
  {
    "name": "Require(48) node_modules/egg-logrotator/app.js",
    "start": 1650848251276,
    "end": 1650848251276,
    "duration": 0,
    "pid": 14379,
    "index": 58
  },
  {
    "name": "Require(49) node_modules/egg-static/app.js",
    "start": 1650848251276,
    "end": 1650848251276,
    "duration": 0,
    "pid": 14379,
    "index": 59
  },
  {
    "name": "Require(50) node_modules/egg-view-nunjucks/app.js",
    "start": 1650848251276,
    "end": 1650848251277,
    "duration": 1,
    "pid": 14379,
    "index": 60
  },
  {
    "name": "Require(51) node_modules/egg-mysql/app.js",
    "start": 1650848251277,
    "end": 1650848251291,
    "duration": 14,
    "pid": 14379,
    "index": 61
  },
  {
    "name": "Require(52) node_modules/egg-mongoose/app.js",
    "start": 1650848251292,
    "end": 1650848251292,
    "duration": 0,
    "pid": 14379,
    "index": 62
  },
  {
    "name": "Before Start in node_modules/egg-watcher/lib/init.js:15:14",
    "start": 1650848251300,
    "end": 1650848251613,
    "duration": 313,
    "pid": 14379,
    "index": 63
  },
  {
    "name": "Before Start in node_modules/egg-mongoose/lib/mongoose.js:104:7",
    "start": 1650848251524,
    "end": 1650848252079,
    "duration": 555,
    "pid": 14379,
    "index": 64
  },
  {
    "name": "Before Start in node_modules/egg-mongoose/lib/mongoose.js:52:9",
    "start": 1650848251524,
    "end": 1650848251606,
    "duration": 82,
    "pid": 14379,
    "index": 65
  },
  {
    "name": "Load Service",
    "start": 1650848251524,
    "end": 1650848251528,
    "duration": 4,
    "pid": 14379,
    "index": 66
  },
  {
    "name": "Load \"service\" to Context",
    "start": 1650848251524,
    "end": 1650848251528,
    "duration": 4,
    "pid": 14379,
    "index": 67
  },
  {
    "name": "Load Middleware",
    "start": 1650848251528,
    "end": 1650848251572,
    "duration": 44,
    "pid": 14379,
    "index": 68
  },
  {
    "name": "Load \"middlewares\" to Application",
    "start": 1650848251528,
    "end": 1650848251560,
    "duration": 32,
    "pid": 14379,
    "index": 69
  },
  {
    "name": "Load Controller",
    "start": 1650848251572,
    "end": 1650848251576,
    "duration": 4,
    "pid": 14379,
    "index": 70
  },
  {
    "name": "Load \"controller\" to Application",
    "start": 1650848251572,
    "end": 1650848251576,
    "duration": 4,
    "pid": 14379,
    "index": 71
  },
  {
    "name": "Load Router",
    "start": 1650848251576,
    "end": 1650848251578,
    "duration": 2,
    "pid": 14379,
    "index": 72
  },
  {
    "name": "Require(53) app/router.js",
    "start": 1650848251576,
    "end": 1650848251576,
    "duration": 0,
    "pid": 14379,
    "index": 73
  },
  {
    "name": "Before Start in node_modules/egg-core/lib/egg.js:303:10",
    "start": 1650848251576,
    "end": 1650848251606,
    "duration": 30,
    "pid": 14379,
    "index": 74
  },
  {
    "name": "Load \"model\" to Application",
    "start": 1650848251585,
    "end": 1650848251606,
    "duration": 21,
    "pid": 14379,
    "index": 75
  }
]