[
  {
    "name": "Process Start",
    "start": 1650848255011,
    "end": 1650848255468,
    "duration": 457,
    "pid": 14404,
    "index": 0
  },
  {
    "name": "Application Start",
    "start": 1650848255468,
    "end": 1650848256379,
    "duration": 911,
    "pid": 14404,
    "index": 1
  },
  {
    "name": "Load Plugin",
    "start": 1650848255472,
    "end": 1650848255480,
    "duration": 8,
    "pid": 14404,
    "index": 2
  },
  {
    "name": "Load Config",
    "start": 1650848255480,
    "end": 1650848255494,
    "duration": 14,
    "pid": 14404,
    "index": 3
  },
  {
    "name": "Require(0) config/config.default.js",
    "start": 1650848255481,
    "end": 1650848255482,
    "duration": 1,
    "pid": 14404,
    "index": 4
  },
  {
    "name": "Require(1) node_modules/egg-session/config/config.default.js",
    "start": 1650848255483,
    "end": 1650848255483,
    "duration": 0,
    "pid": 14404,
    "index": 5
  },
  {
    "name": "Require(2) node_modules/egg-security/config/config.default.js",
    "start": 1650848255484,
    "end": 1650848255484,
    "duration": 0,
    "pid": 14404,
    "index": 6
  },
  {
    "name": "Require(3) node_modules/egg-jsonp/config/config.default.js",
    "start": 1650848255485,
    "end": 1650848255485,
    "duration": 0,
    "pid": 14404,
    "index": 7
  },
  {
    "name": "Require(4) node_modules/egg-onerror/config/config.default.js",
    "start": 1650848255485,
    "end": 1650848255486,
    "duration": 1,
    "pid": 14404,
    "index": 8
  },
  {
    "name": "Require(5) node_modules/egg-i18n/config/config.default.js",
    "start": 1650848255486,
    "end": 1650848255486,
    "duration": 0,
    "pid": 14404,
    "index": 9
  },
  {
    "name": "Require(6) node_modules/egg-watcher/config/config.default.js",
    "start": 1650848255486,
    "end": 1650848255486,
    "duration": 0,
    "pid": 14404,
    "index": 10
  },
  {
    "name": "Require(7) node_modules/egg-schedule/config/config.default.js",
    "start": 1650848255487,
    "end": 1650848255487,
    "duration": 0,
    "pid": 14404,
    "index": 11
  },
  {
    "name": "Require(8) node_modules/egg-multipart/config/config.default.js",
    "start": 1650848255487,
    "end": 1650848255488,
    "duration": 1,
    "pid": 14404,
    "index": 12
  },
  {
    "name": "Require(9) node_modules/egg-development/config/config.default.js",
    "start": 1650848255488,
    "end": 1650848255489,
    "duration": 1,
    "pid": 14404,
    "index": 13
  },
  {
    "name": "Require(10) node_modules/egg-logrotator/config/config.default.js",
    "start": 1650848255489,
    "end": 1650848255489,
    "duration": 0,
    "pid": 14404,
    "index": 14
  },
  {
    "name": "Require(11) node_modules/egg-static/config/config.default.js",
    "start": 1650848255489,
    "end": 1650848255489,
    "duration": 0,
    "pid": 14404,
    "index": 15
  },
  {
    "name": "Require(12) node_modules/egg-view/config/config.default.js",
    "start": 1650848255489,
    "end": 1650848255489,
    "duration": 0,
    "pid": 14404,
    "index": 16
  },
  {
    "name": "Require(13) node_modules/egg-view-nunjucks/config/config.default.js",
    "start": 1650848255489,
    "end": 1650848255490,
    "duration": 1,
    "pid": 14404,
    "index": 17
  },
  {
    "name": "Require(14) node_modules/egg-mysql/config/config.default.js",
    "start": 1650848255490,
    "end": 1650848255490,
    "duration": 0,
    "pid": 14404,
    "index": 18
  },
  {
    "name": "Require(15) node_modules/egg-mongoose/config/config.default.js",
    "start": 1650848255490,
    "end": 1650848255490,
    "duration": 0,
    "pid": 14404,
    "index": 19
  },
  {
    "name": "Require(16) node_modules/egg/config/config.default.js",
    "start": 1650848255490,
    "end": 1650848255490,
    "duration": 0,
    "pid": 14404,
    "index": 20
  },
  {
    "name": "Require(17) config/config.default.js",
    "start": 1650848255491,
    "end": 1650848255491,
    "duration": 0,
    "pid": 14404,
    "index": 21
  },
  {
    "name": "Require(18) node_modules/egg-security/config/config.local.js",
    "start": 1650848255491,
    "end": 1650848255492,
    "duration": 1,
    "pid": 14404,
    "index": 22
  },
  {
    "name": "Require(19) node_modules/egg-watcher/config/config.local.js",
    "start": 1650848255493,
    "end": 1650848255493,
    "duration": 0,
    "pid": 14404,
    "index": 23
  },
  {
    "name": "Require(20) node_modules/egg-view/config/config.local.js",
    "start": 1650848255493,
    "end": 1650848255493,
    "duration": 0,
    "pid": 14404,
    "index": 24
  },
  {
    "name": "Require(21) node_modules/egg-view-nunjucks/config/config.local.js",
    "start": 1650848255493,
    "end": 1650848255493,
    "duration": 0,
    "pid": 14404,
    "index": 25
  },
  {
    "name": "Require(22) node_modules/egg/config/config.local.js",
    "start": 1650848255494,
    "end": 1650848255494,
    "duration": 0,
    "pid": 14404,
    "index": 26
  },
  {
    "name": "Load extend/application.js",
    "start": 1650848255495,
    "end": 1650848255509,
    "duration": 14,
    "pid": 14404,
    "index": 27
  },
  {
    "name": "Require(23) node_modules/egg-session/app/extend/application.js",
    "start": 1650848255495,
    "end": 1650848255495,
    "duration": 0,
    "pid": 14404,
    "index": 28
  },
  {
    "name": "Require(24) node_modules/egg-security/app/extend/application.js",
    "start": 1650848255495,
    "end": 1650848255496,
    "duration": 1,
    "pid": 14404,
    "index": 29
  },
  {
    "name": "Require(25) node_modules/egg-jsonp/app/extend/application.js",
    "start": 1650848255496,
    "end": 1650848255496,
    "duration": 0,
    "pid": 14404,
    "index": 30
  },
  {
    "name": "Require(26) node_modules/egg-logrotator/app/extend/application.js",
    "start": 1650848255496,
    "end": 1650848255499,
    "duration": 3,
    "pid": 14404,
    "index": 31
  },
  {
    "name": "Require(27) node_modules/egg-view/app/extend/application.js",
    "start": 1650848255499,
    "end": 1650848255500,
    "duration": 1,
    "pid": 14404,
    "index": 32
  },
  {
    "name": "Require(28) node_modules/egg-view-nunjucks/app/extend/application.js",
    "start": 1650848255500,
    "end": 1650848255508,
    "duration": 8,
    "pid": 14404,
    "index": 33
  },
  {
    "name": "Load extend/request.js",
    "start": 1650848255509,
    "end": 1650848255511,
    "duration": 2,
    "pid": 14404,
    "index": 34
  },
  {
    "name": "Require(29) node_modules/egg/app/extend/request.js",
    "start": 1650848255510,
    "end": 1650848255510,
    "duration": 0,
    "pid": 14404,
    "index": 35
  },
  {
    "name": "Load extend/response.js",
    "start": 1650848255511,
    "end": 1650848255512,
    "duration": 1,
    "pid": 14404,
    "index": 36
  },
  {
    "name": "Require(30) node_modules/egg/app/extend/response.js",
    "start": 1650848255511,
    "end": 1650848255511,
    "duration": 0,
    "pid": 14404,
    "index": 37
  },
  {
    "name": "Load extend/context.js",
    "start": 1650848255512,
    "end": 1650848255537,
    "duration": 25,
    "pid": 14404,
    "index": 38
  },
  {
    "name": "Require(31) node_modules/egg-security/app/extend/context.js",
    "start": 1650848255512,
    "end": 1650848255514,
    "duration": 2,
    "pid": 14404,
    "index": 39
  },
  {
    "name": "Require(32) node_modules/egg-jsonp/app/extend/context.js",
    "start": 1650848255514,
    "end": 1650848255515,
    "duration": 1,
    "pid": 14404,
    "index": 40
  },
  {
    "name": "Require(33) node_modules/egg-i18n/app/extend/context.js",
    "start": 1650848255515,
    "end": 1650848255515,
    "duration": 0,
    "pid": 14404,
    "index": 41
  },
  {
    "name": "Require(34) node_modules/egg-multipart/app/extend/context.js",
    "start": 1650848255515,
    "end": 1650848255535,
    "duration": 20,
    "pid": 14404,
    "index": 42
  },
  {
    "name": "Require(35) node_modules/egg-view/app/extend/context.js",
    "start": 1650848255536,
    "end": 1650848255536,
    "duration": 0,
    "pid": 14404,
    "index": 43
  },
  {
    "name": "Require(36) node_modules/egg-mongoose/app/extend/context.js",
    "start": 1650848255536,
    "end": 1650848255536,
    "duration": 0,
    "pid": 14404,
    "index": 44
  },
  {
    "name": "Require(37) node_modules/egg/app/extend/context.js",
    "start": 1650848255536,
    "end": 1650848255536,
    "duration": 0,
    "pid": 14404,
    "index": 45
  },
  {
    "name": "Load extend/helper.js",
    "start": 1650848255537,
    "end": 1650848255548,
    "duration": 11,
    "pid": 14404,
    "index": 46
  },
  {
    "name": "Require(38) node_modules/egg-security/app/extend/helper.js",
    "start": 1650848255537,
    "end": 1650848255547,
    "duration": 10,
    "pid": 14404,
    "index": 47
  },
  {
    "name": "Require(39) node_modules/egg/app/extend/helper.js",
    "start": 1650848255548,
    "end": 1650848255548,
    "duration": 0,
    "pid": 14404,
    "index": 48
  },
  {
    "name": "Load app.js",
    "start": 1650848255549,
    "end": 1650848255564,
    "duration": 15,
    "pid": 14404,
    "index": 49
  },
  {
    "name": "Require(40) node_modules/egg-session/app.js",
    "start": 1650848255549,
    "end": 1650848255549,
    "duration": 0,
    "pid": 14404,
    "index": 50
  },
  {
    "name": "Require(41) node_modules/egg-security/app.js",
    "start": 1650848255549,
    "end": 1650848255550,
    "duration": 1,
    "pid": 14404,
    "index": 51
  },
  {
    "name": "Require(42) node_modules/egg-onerror/app.js",
    "start": 1650848255550,
    "end": 1650848255552,
    "duration": 2,
    "pid": 14404,
    "index": 52
  },
  {
    "name": "Require(43) node_modules/egg-i18n/app.js",
    "start": 1650848255552,
    "end": 1650848255556,
    "duration": 4,
    "pid": 14404,
    "index": 53
  },
  {
    "name": "Require(44) node_modules/egg-watcher/app.js",
    "start": 1650848255556,
    "end": 1650848255557,
    "duration": 1,
    "pid": 14404,
    "index": 54
  },
  {
    "name": "Require(45) node_modules/egg-schedule/app.js",
    "start": 1650848255557,
    "end": 1650848255559,
    "duration": 2,
    "pid": 14404,
    "index": 55
  },
  {
    "name": "Require(46) node_modules/egg-multipart/app.js",
    "start": 1650848255559,
    "end": 1650848255559,
    "duration": 0,
    "pid": 14404,
    "index": 56
  },
  {
    "name": "Require(47) node_modules/egg-development/app.js",
    "start": 1650848255559,
    "end": 1650848255559,
    "duration": 0,
    "pid": 14404,
    "index": 57
  },
  {
    "name": "Require(48) node_modules/egg-logrotator/app.js",
    "start": 1650848255559,
    "end": 1650848255559,
    "duration": 0,
    "pid": 14404,
    "index": 58
  },
  {
    "name": "Require(49) node_modules/egg-static/app.js",
    "start": 1650848255559,
    "end": 1650848255560,
    "duration": 1,
    "pid": 14404,
    "index": 59
  },
  {
    "name": "Require(50) node_modules/egg-view-nunjucks/app.js",
    "start": 1650848255560,
    "end": 1650848255560,
    "duration": 0,
    "pid": 14404,
    "index": 60
  },
  {
    "name": "Require(51) node_modules/egg-mysql/app.js",
    "start": 1650848255560,
    "end": 1650848255564,
    "duration": 4,
    "pid": 14404,
    "index": 61
  },
  {
    "name": "Require(52) node_modules/egg-mongoose/app.js",
    "start": 1650848255564,
    "end": 1650848255564,
    "duration": 0,
    "pid": 14404,
    "index": 62
  },
  {
    "name": "Before Start in node_modules/egg-watcher/lib/init.js:15:14",
    "start": 1650848255569,
    "end": 1650848255818,
    "duration": 249,
    "pid": 14404,
    "index": 63
  },
  {
    "name": "Before Start in node_modules/egg-mongoose/lib/mongoose.js:104:7",
    "start": 1650848255732,
    "end": 1650848256379,
    "duration": 647,
    "pid": 14404,
    "index": 64
  },
  {
    "name": "Before Start in node_modules/egg-mongoose/lib/mongoose.js:52:9",
    "start": 1650848255732,
    "end": 1650848255810,
    "duration": 78,
    "pid": 14404,
    "index": 65
  },
  {
    "name": "Load Service",
    "start": 1650848255732,
    "end": 1650848255736,
    "duration": 4,
    "pid": 14404,
    "index": 66
  },
  {
    "name": "Load \"service\" to Context",
    "start": 1650848255733,
    "end": 1650848255736,
    "duration": 3,
    "pid": 14404,
    "index": 67
  },
  {
    "name": "Load Middleware",
    "start": 1650848255736,
    "end": 1650848255782,
    "duration": 46,
    "pid": 14404,
    "index": 68
  },
  {
    "name": "Load \"middlewares\" to Application",
    "start": 1650848255736,
    "end": 1650848255770,
    "duration": 34,
    "pid": 14404,
    "index": 69
  },
  {
    "name": "Load Controller",
    "start": 1650848255782,
    "end": 1650848255785,
    "duration": 3,
    "pid": 14404,
    "index": 70
  },
  {
    "name": "Load \"controller\" to Application",
    "start": 1650848255782,
    "end": 1650848255785,
    "duration": 3,
    "pid": 14404,
    "index": 71
  },
  {
    "name": "Load Router",
    "start": 1650848255785,
    "end": 1650848255787,
    "duration": 2,
    "pid": 14404,
    "index": 72
  },
  {
    "name": "Require(53) app/router.js",
    "start": 1650848255785,
    "end": 1650848255785,
    "duration": 0,
    "pid": 14404,
    "index": 73
  },
  {
    "name": "Before Start in node_modules/egg-core/lib/egg.js:303:10",
    "start": 1650848255786,
    "end": 1650848255810,
    "duration": 24,
    "pid": 14404,
    "index": 74
  },
  {
    "name": "Load \"model\" to Application",
    "start": 1650848255793,
    "end": 1650848255810,
    "duration": 17,
    "pid": 14404,
    "index": 75
  }
]