[
  {
    "name": "Process Start",
    "start": 1650852187667,
    "end": 1650852188228,
    "duration": 561,
    "pid": 31050,
    "index": 0
  },
  {
    "name": "Application Start",
    "start": 1650852188228,
    "end": 1650852189317,
    "duration": 1089,
    "pid": 31050,
    "index": 1
  },
  {
    "name": "Load Plugin",
    "start": 1650852188232,
    "end": 1650852188240,
    "duration": 8,
    "pid": 31050,
    "index": 2
  },
  {
    "name": "Load Config",
    "start": 1650852188241,
    "end": 1650852188260,
    "duration": 19,
    "pid": 31050,
    "index": 3
  },
  {
    "name": "Require(0) config/config.default.js",
    "start": 1650852188241,
    "end": 1650852188242,
    "duration": 1,
    "pid": 31050,
    "index": 4
  },
  {
    "name": "Require(1) node_modules/egg-session/config/config.default.js",
    "start": 1650852188243,
    "end": 1650852188244,
    "duration": 1,
    "pid": 31050,
    "index": 5
  },
  {
    "name": "Require(2) node_modules/egg-security/config/config.default.js",
    "start": 1650852188244,
    "end": 1650852188244,
    "duration": 0,
    "pid": 31050,
    "index": 6
  },
  {
    "name": "Require(3) node_modules/egg-jsonp/config/config.default.js",
    "start": 1650852188245,
    "end": 1650852188246,
    "duration": 1,
    "pid": 31050,
    "index": 7
  },
  {
    "name": "Require(4) node_modules/egg-onerror/config/config.default.js",
    "start": 1650852188246,
    "end": 1650852188247,
    "duration": 1,
    "pid": 31050,
    "index": 8
  },
  {
    "name": "Require(5) node_modules/egg-i18n/config/config.default.js",
    "start": 1650852188247,
    "end": 1650852188247,
    "duration": 0,
    "pid": 31050,
    "index": 9
  },
  {
    "name": "Require(6) node_modules/egg-watcher/config/config.default.js",
    "start": 1650852188248,
    "end": 1650852188248,
    "duration": 0,
    "pid": 31050,
    "index": 10
  },
  {
    "name": "Require(7) node_modules/egg-schedule/config/config.default.js",
    "start": 1650852188248,
    "end": 1650852188249,
    "duration": 1,
    "pid": 31050,
    "index": 11
  },
  {
    "name": "Require(8) node_modules/egg-multipart/config/config.default.js",
    "start": 1650852188249,
    "end": 1650852188252,
    "duration": 3,
    "pid": 31050,
    "index": 12
  },
  {
    "name": "Require(9) node_modules/egg-development/config/config.default.js",
    "start": 1650852188252,
    "end": 1650852188253,
    "duration": 1,
    "pid": 31050,
    "index": 13
  },
  {
    "name": "Require(10) node_modules/egg-logrotator/config/config.default.js",
    "start": 1650852188253,
    "end": 1650852188253,
    "duration": 0,
    "pid": 31050,
    "index": 14
  },
  {
    "name": "Require(11) node_modules/egg-static/config/config.default.js",
    "start": 1650852188254,
    "end": 1650852188254,
    "duration": 0,
    "pid": 31050,
    "index": 15
  },
  {
    "name": "Require(12) node_modules/egg-view/config/config.default.js",
    "start": 1650852188254,
    "end": 1650852188254,
    "duration": 0,
    "pid": 31050,
    "index": 16
  },
  {
    "name": "Require(13) node_modules/egg-view-nunjucks/config/config.default.js",
    "start": 1650852188254,
    "end": 1650852188255,
    "duration": 1,
    "pid": 31050,
    "index": 17
  },
  {
    "name": "Require(14) node_modules/egg-mysql/config/config.default.js",
    "start": 1650852188255,
    "end": 1650852188255,
    "duration": 0,
    "pid": 31050,
    "index": 18
  },
  {
    "name": "Require(15) node_modules/egg-mongoose/config/config.default.js",
    "start": 1650852188255,
    "end": 1650852188255,
    "duration": 0,
    "pid": 31050,
    "index": 19
  },
  {
    "name": "Require(16) node_modules/egg/config/config.default.js",
    "start": 1650852188255,
    "end": 1650852188256,
    "duration": 1,
    "pid": 31050,
    "index": 20
  },
  {
    "name": "Require(17) config/config.default.js",
    "start": 1650852188257,
    "end": 1650852188257,
    "duration": 0,
    "pid": 31050,
    "index": 21
  },
  {
    "name": "Require(18) node_modules/egg-security/config/config.local.js",
    "start": 1650852188257,
    "end": 1650852188257,
    "duration": 0,
    "pid": 31050,
    "index": 22
  },
  {
    "name": "Require(19) node_modules/egg-watcher/config/config.local.js",
    "start": 1650852188258,
    "end": 1650852188258,
    "duration": 0,
    "pid": 31050,
    "index": 23
  },
  {
    "name": "Require(20) node_modules/egg-view/config/config.local.js",
    "start": 1650852188259,
    "end": 1650852188259,
    "duration": 0,
    "pid": 31050,
    "index": 24
  },
  {
    "name": "Require(21) node_modules/egg-view-nunjucks/config/config.local.js",
    "start": 1650852188259,
    "end": 1650852188259,
    "duration": 0,
    "pid": 31050,
    "index": 25
  },
  {
    "name": "Require(22) node_modules/egg/config/config.local.js",
    "start": 1650852188259,
    "end": 1650852188259,
    "duration": 0,
    "pid": 31050,
    "index": 26
  },
  {
    "name": "Load extend/application.js",
    "start": 1650852188260,
    "end": 1650852188292,
    "duration": 32,
    "pid": 31050,
    "index": 27
  },
  {
    "name": "Require(23) node_modules/egg-session/app/extend/application.js",
    "start": 1650852188261,
    "end": 1650852188261,
    "duration": 0,
    "pid": 31050,
    "index": 28
  },
  {
    "name": "Require(24) node_modules/egg-security/app/extend/application.js",
    "start": 1650852188261,
    "end": 1650852188262,
    "duration": 1,
    "pid": 31050,
    "index": 29
  },
  {
    "name": "Require(25) node_modules/egg-jsonp/app/extend/application.js",
    "start": 1650852188262,
    "end": 1650852188264,
    "duration": 2,
    "pid": 31050,
    "index": 30
  },
  {
    "name": "Require(26) node_modules/egg-logrotator/app/extend/application.js",
    "start": 1650852188265,
    "end": 1650852188265,
    "duration": 0,
    "pid": 31050,
    "index": 31
  },
  {
    "name": "Require(27) node_modules/egg-view/app/extend/application.js",
    "start": 1650852188265,
    "end": 1650852188266,
    "duration": 1,
    "pid": 31050,
    "index": 32
  },
  {
    "name": "Require(28) node_modules/egg-view-nunjucks/app/extend/application.js",
    "start": 1650852188266,
    "end": 1650852188292,
    "duration": 26,
    "pid": 31050,
    "index": 33
  },
  {
    "name": "Load extend/request.js",
    "start": 1650852188292,
    "end": 1650852188294,
    "duration": 2,
    "pid": 31050,
    "index": 34
  },
  {
    "name": "Require(29) node_modules/egg/app/extend/request.js",
    "start": 1650852188293,
    "end": 1650852188293,
    "duration": 0,
    "pid": 31050,
    "index": 35
  },
  {
    "name": "Load extend/response.js",
    "start": 1650852188294,
    "end": 1650852188296,
    "duration": 2,
    "pid": 31050,
    "index": 36
  },
  {
    "name": "Require(30) node_modules/egg/app/extend/response.js",
    "start": 1650852188294,
    "end": 1650852188295,
    "duration": 1,
    "pid": 31050,
    "index": 37
  },
  {
    "name": "Load extend/context.js",
    "start": 1650852188296,
    "end": 1650852188336,
    "duration": 40,
    "pid": 31050,
    "index": 38
  },
  {
    "name": "Require(31) node_modules/egg-security/app/extend/context.js",
    "start": 1650852188296,
    "end": 1650852188300,
    "duration": 4,
    "pid": 31050,
    "index": 39
  },
  {
    "name": "Require(32) node_modules/egg-jsonp/app/extend/context.js",
    "start": 1650852188300,
    "end": 1650852188301,
    "duration": 1,
    "pid": 31050,
    "index": 40
  },
  {
    "name": "Require(33) node_modules/egg-i18n/app/extend/context.js",
    "start": 1650852188301,
    "end": 1650852188301,
    "duration": 0,
    "pid": 31050,
    "index": 41
  },
  {
    "name": "Require(34) node_modules/egg-multipart/app/extend/context.js",
    "start": 1650852188301,
    "end": 1650852188334,
    "duration": 33,
    "pid": 31050,
    "index": 42
  },
  {
    "name": "Require(35) node_modules/egg-view/app/extend/context.js",
    "start": 1650852188334,
    "end": 1650852188335,
    "duration": 1,
    "pid": 31050,
    "index": 43
  },
  {
    "name": "Require(36) node_modules/egg-mongoose/app/extend/context.js",
    "start": 1650852188335,
    "end": 1650852188335,
    "duration": 0,
    "pid": 31050,
    "index": 44
  },
  {
    "name": "Require(37) node_modules/egg/app/extend/context.js",
    "start": 1650852188335,
    "end": 1650852188336,
    "duration": 1,
    "pid": 31050,
    "index": 45
  },
  {
    "name": "Load extend/helper.js",
    "start": 1650852188336,
    "end": 1650852188346,
    "duration": 10,
    "pid": 31050,
    "index": 46
  },
  {
    "name": "Require(38) node_modules/egg-security/app/extend/helper.js",
    "start": 1650852188337,
    "end": 1650852188345,
    "duration": 8,
    "pid": 31050,
    "index": 47
  },
  {
    "name": "Require(39) node_modules/egg/app/extend/helper.js",
    "start": 1650852188345,
    "end": 1650852188345,
    "duration": 0,
    "pid": 31050,
    "index": 48
  },
  {
    "name": "Load app.js",
    "start": 1650852188346,
    "end": 1650852188373,
    "duration": 27,
    "pid": 31050,
    "index": 49
  },
  {
    "name": "Require(40) node_modules/egg-session/app.js",
    "start": 1650852188346,
    "end": 1650852188346,
    "duration": 0,
    "pid": 31050,
    "index": 50
  },
  {
    "name": "Require(41) node_modules/egg-security/app.js",
    "start": 1650852188347,
    "end": 1650852188347,
    "duration": 0,
    "pid": 31050,
    "index": 51
  },
  {
    "name": "Require(42) node_modules/egg-onerror/app.js",
    "start": 1650852188347,
    "end": 1650852188351,
    "duration": 4,
    "pid": 31050,
    "index": 52
  },
  {
    "name": "Require(43) node_modules/egg-i18n/app.js",
    "start": 1650852188351,
    "end": 1650852188357,
    "duration": 6,
    "pid": 31050,
    "index": 53
  },
  {
    "name": "Require(44) node_modules/egg-watcher/app.js",
    "start": 1650852188357,
    "end": 1650852188359,
    "duration": 2,
    "pid": 31050,
    "index": 54
  },
  {
    "name": "Require(45) node_modules/egg-schedule/app.js",
    "start": 1650852188359,
    "end": 1650852188359,
    "duration": 0,
    "pid": 31050,
    "index": 55
  },
  {
    "name": "Require(46) node_modules/egg-multipart/app.js",
    "start": 1650852188359,
    "end": 1650852188360,
    "duration": 1,
    "pid": 31050,
    "index": 56
  },
  {
    "name": "Require(47) node_modules/egg-development/app.js",
    "start": 1650852188360,
    "end": 1650852188360,
    "duration": 0,
    "pid": 31050,
    "index": 57
  },
  {
    "name": "Require(48) node_modules/egg-logrotator/app.js",
    "start": 1650852188360,
    "end": 1650852188360,
    "duration": 0,
    "pid": 31050,
    "index": 58
  },
  {
    "name": "Require(49) node_modules/egg-static/app.js",
    "start": 1650852188360,
    "end": 1650852188361,
    "duration": 1,
    "pid": 31050,
    "index": 59
  },
  {
    "name": "Require(50) node_modules/egg-view-nunjucks/app.js",
    "start": 1650852188361,
    "end": 1650852188361,
    "duration": 0,
    "pid": 31050,
    "index": 60
  },
  {
    "name": "Require(51) node_modules/egg-mysql/app.js",
    "start": 1650852188361,
    "end": 1650852188369,
    "duration": 8,
    "pid": 31050,
    "index": 61
  },
  {
    "name": "Require(52) node_modules/egg-mongoose/app.js",
    "start": 1650852188369,
    "end": 1650852188370,
    "duration": 1,
    "pid": 31050,
    "index": 62
  },
  {
    "name": "Before Start in node_modules/egg-watcher/lib/init.js:15:14",
    "start": 1650852188379,
    "end": 1650852188707,
    "duration": 328,
    "pid": 31050,
    "index": 63
  },
  {
    "name": "Before Start in node_modules/egg-mongoose/lib/mongoose.js:104:7",
    "start": 1650852188601,
    "end": 1650852189316,
    "duration": 715,
    "pid": 31050,
    "index": 64
  },
  {
    "name": "Before Start in node_modules/egg-mongoose/lib/mongoose.js:52:9",
    "start": 1650852188602,
    "end": 1650852188695,
    "duration": 93,
    "pid": 31050,
    "index": 65
  },
  {
    "name": "Load Service",
    "start": 1650852188602,
    "end": 1650852188605,
    "duration": 3,
    "pid": 31050,
    "index": 66
  },
  {
    "name": "Load \"service\" to Context",
    "start": 1650852188602,
    "end": 1650852188605,
    "duration": 3,
    "pid": 31050,
    "index": 67
  },
  {
    "name": "Load Middleware",
    "start": 1650852188605,
    "end": 1650852188666,
    "duration": 61,
    "pid": 31050,
    "index": 68
  },
  {
    "name": "Load \"middlewares\" to Application",
    "start": 1650852188605,
    "end": 1650852188655,
    "duration": 50,
    "pid": 31050,
    "index": 69
  },
  {
    "name": "Load Controller",
    "start": 1650852188667,
    "end": 1650852188670,
    "duration": 3,
    "pid": 31050,
    "index": 70
  },
  {
    "name": "Load \"controller\" to Application",
    "start": 1650852188667,
    "end": 1650852188670,
    "duration": 3,
    "pid": 31050,
    "index": 71
  },
  {
    "name": "Load Router",
    "start": 1650852188670,
    "end": 1650852188672,
    "duration": 2,
    "pid": 31050,
    "index": 72
  },
  {
    "name": "Require(53) app/router.js",
    "start": 1650852188670,
    "end": 1650852188671,
    "duration": 1,
    "pid": 31050,
    "index": 73
  },
  {
    "name": "Before Start in node_modules/egg-core/lib/egg.js:303:10",
    "start": 1650852188671,
    "end": 1650852188695,
    "duration": 24,
    "pid": 31050,
    "index": 74
  },
  {
    "name": "Load \"model\" to Application",
    "start": 1650852188678,
    "end": 1650852188695,
    "duration": 17,
    "pid": 31050,
    "index": 75
  }
]