[
  {
    "name": "Process Start",
    "start": 1650848245528,
    "end": 1650848246343,
    "duration": 815,
    "pid": 14337,
    "index": 0
  },
  {
    "name": "Application Start",
    "start": 1650848246345,
    "end": 1650848247572,
    "duration": 1227,
    "pid": 14337,
    "index": 1
  },
  {
    "name": "Load Plugin",
    "start": 1650848246350,
    "end": 1650848246381,
    "duration": 31,
    "pid": 14337,
    "index": 2
  },
  {
    "name": "Load Config",
    "start": 1650848246381,
    "end": 1650848246411,
    "duration": 30,
    "pid": 14337,
    "index": 3
  },
  {
    "name": "Require(0) config/config.default.js",
    "start": 1650848246382,
    "end": 1650848246383,
    "duration": 1,
    "pid": 14337,
    "index": 4
  },
  {
    "name": "Require(1) node_modules/egg-session/config/config.default.js",
    "start": 1650848246386,
    "end": 1650848246387,
    "duration": 1,
    "pid": 14337,
    "index": 5
  },
  {
    "name": "Require(2) node_modules/egg-security/config/config.default.js",
    "start": 1650848246388,
    "end": 1650848246389,
    "duration": 1,
    "pid": 14337,
    "index": 6
  },
  {
    "name": "Require(3) node_modules/egg-jsonp/config/config.default.js",
    "start": 1650848246390,
    "end": 1650848246393,
    "duration": 3,
    "pid": 14337,
    "index": 7
  },
  {
    "name": "Require(4) node_modules/egg-onerror/config/config.default.js",
    "start": 1650848246393,
    "end": 1650848246394,
    "duration": 1,
    "pid": 14337,
    "index": 8
  },
  {
    "name": "Require(5) node_modules/egg-i18n/config/config.default.js",
    "start": 1650848246395,
    "end": 1650848246395,
    "duration": 0,
    "pid": 14337,
    "index": 9
  },
  {
    "name": "Require(6) node_modules/egg-watcher/config/config.default.js",
    "start": 1650848246396,
    "end": 1650848246397,
    "duration": 1,
    "pid": 14337,
    "index": 10
  },
  {
    "name": "Require(7) node_modules/egg-schedule/config/config.default.js",
    "start": 1650848246397,
    "end": 1650848246397,
    "duration": 0,
    "pid": 14337,
    "index": 11
  },
  {
    "name": "Require(8) node_modules/egg-multipart/config/config.default.js",
    "start": 1650848246398,
    "end": 1650848246398,
    "duration": 0,
    "pid": 14337,
    "index": 12
  },
  {
    "name": "Require(9) node_modules/egg-development/config/config.default.js",
    "start": 1650848246398,
    "end": 1650848246399,
    "duration": 1,
    "pid": 14337,
    "index": 13
  },
  {
    "name": "Require(10) node_modules/egg-logrotator/config/config.default.js",
    "start": 1650848246399,
    "end": 1650848246399,
    "duration": 0,
    "pid": 14337,
    "index": 14
  },
  {
    "name": "Require(11) node_modules/egg-static/config/config.default.js",
    "start": 1650848246399,
    "end": 1650848246400,
    "duration": 1,
    "pid": 14337,
    "index": 15
  },
  {
    "name": "Require(12) node_modules/egg-view/config/config.default.js",
    "start": 1650848246400,
    "end": 1650848246401,
    "duration": 1,
    "pid": 14337,
    "index": 16
  },
  {
    "name": "Require(13) node_modules/egg-view-nunjucks/config/config.default.js",
    "start": 1650848246401,
    "end": 1650848246401,
    "duration": 0,
    "pid": 14337,
    "index": 17
  },
  {
    "name": "Require(14) node_modules/egg-mysql/config/config.default.js",
    "start": 1650848246402,
    "end": 1650848246402,
    "duration": 0,
    "pid": 14337,
    "index": 18
  },
  {
    "name": "Require(15) node_modules/egg-mongoose/config/config.default.js",
    "start": 1650848246402,
    "end": 1650848246402,
    "duration": 0,
    "pid": 14337,
    "index": 19
  },
  {
    "name": "Require(16) node_modules/egg/config/config.default.js",
    "start": 1650848246403,
    "end": 1650848246403,
    "duration": 0,
    "pid": 14337,
    "index": 20
  },
  {
    "name": "Require(17) config/config.default.js",
    "start": 1650848246404,
    "end": 1650848246404,
    "duration": 0,
    "pid": 14337,
    "index": 21
  },
  {
    "name": "Require(18) node_modules/egg-security/config/config.local.js",
    "start": 1650848246405,
    "end": 1650848246405,
    "duration": 0,
    "pid": 14337,
    "index": 22
  },
  {
    "name": "Require(19) node_modules/egg-watcher/config/config.local.js",
    "start": 1650848246407,
    "end": 1650848246409,
    "duration": 2,
    "pid": 14337,
    "index": 23
  },
  {
    "name": "Require(20) node_modules/egg-view/config/config.local.js",
    "start": 1650848246410,
    "end": 1650848246410,
    "duration": 0,
    "pid": 14337,
    "index": 24
  },
  {
    "name": "Require(21) node_modules/egg-view-nunjucks/config/config.local.js",
    "start": 1650848246410,
    "end": 1650848246410,
    "duration": 0,
    "pid": 14337,
    "index": 25
  },
  {
    "name": "Require(22) node_modules/egg/config/config.local.js",
    "start": 1650848246410,
    "end": 1650848246411,
    "duration": 1,
    "pid": 14337,
    "index": 26
  },
  {
    "name": "Load extend/application.js",
    "start": 1650848246412,
    "end": 1650848246490,
    "duration": 78,
    "pid": 14337,
    "index": 27
  },
  {
    "name": "Require(23) node_modules/egg-session/app/extend/application.js",
    "start": 1650848246414,
    "end": 1650848246417,
    "duration": 3,
    "pid": 14337,
    "index": 28
  },
  {
    "name": "Require(24) node_modules/egg-security/app/extend/application.js",
    "start": 1650848246419,
    "end": 1650848246430,
    "duration": 11,
    "pid": 14337,
    "index": 29
  },
  {
    "name": "Require(25) node_modules/egg-jsonp/app/extend/application.js",
    "start": 1650848246430,
    "end": 1650848246438,
    "duration": 8,
    "pid": 14337,
    "index": 30
  },
  {
    "name": "Require(26) node_modules/egg-logrotator/app/extend/application.js",
    "start": 1650848246439,
    "end": 1650848246443,
    "duration": 4,
    "pid": 14337,
    "index": 31
  },
  {
    "name": "Require(27) node_modules/egg-view/app/extend/application.js",
    "start": 1650848246443,
    "end": 1650848246446,
    "duration": 3,
    "pid": 14337,
    "index": 32
  },
  {
    "name": "Require(28) node_modules/egg-view-nunjucks/app/extend/application.js",
    "start": 1650848246446,
    "end": 1650848246489,
    "duration": 43,
    "pid": 14337,
    "index": 33
  },
  {
    "name": "Load extend/request.js",
    "start": 1650848246490,
    "end": 1650848246492,
    "duration": 2,
    "pid": 14337,
    "index": 34
  },
  {
    "name": "Require(29) node_modules/egg/app/extend/request.js",
    "start": 1650848246491,
    "end": 1650848246492,
    "duration": 1,
    "pid": 14337,
    "index": 35
  },
  {
    "name": "Load extend/response.js",
    "start": 1650848246492,
    "end": 1650848246495,
    "duration": 3,
    "pid": 14337,
    "index": 36
  },
  {
    "name": "Require(30) node_modules/egg/app/extend/response.js",
    "start": 1650848246493,
    "end": 1650848246494,
    "duration": 1,
    "pid": 14337,
    "index": 37
  },
  {
    "name": "Load extend/context.js",
    "start": 1650848246495,
    "end": 1650848246533,
    "duration": 38,
    "pid": 14337,
    "index": 38
  },
  {
    "name": "Require(31) node_modules/egg-security/app/extend/context.js",
    "start": 1650848246495,
    "end": 1650848246500,
    "duration": 5,
    "pid": 14337,
    "index": 39
  },
  {
    "name": "Require(32) node_modules/egg-jsonp/app/extend/context.js",
    "start": 1650848246500,
    "end": 1650848246501,
    "duration": 1,
    "pid": 14337,
    "index": 40
  },
  {
    "name": "Require(33) node_modules/egg-i18n/app/extend/context.js",
    "start": 1650848246501,
    "end": 1650848246501,
    "duration": 0,
    "pid": 14337,
    "index": 41
  },
  {
    "name": "Require(34) node_modules/egg-multipart/app/extend/context.js",
    "start": 1650848246501,
    "end": 1650848246531,
    "duration": 30,
    "pid": 14337,
    "index": 42
  },
  {
    "name": "Require(35) node_modules/egg-view/app/extend/context.js",
    "start": 1650848246531,
    "end": 1650848246531,
    "duration": 0,
    "pid": 14337,
    "index": 43
  },
  {
    "name": "Require(36) node_modules/egg-mongoose/app/extend/context.js",
    "start": 1650848246531,
    "end": 1650848246532,
    "duration": 1,
    "pid": 14337,
    "index": 44
  },
  {
    "name": "Require(37) node_modules/egg/app/extend/context.js",
    "start": 1650848246532,
    "end": 1650848246532,
    "duration": 0,
    "pid": 14337,
    "index": 45
  },
  {
    "name": "Load extend/helper.js",
    "start": 1650848246533,
    "end": 1650848246540,
    "duration": 7,
    "pid": 14337,
    "index": 46
  },
  {
    "name": "Require(38) node_modules/egg-security/app/extend/helper.js",
    "start": 1650848246533,
    "end": 1650848246539,
    "duration": 6,
    "pid": 14337,
    "index": 47
  },
  {
    "name": "Require(39) node_modules/egg/app/extend/helper.js",
    "start": 1650848246540,
    "end": 1650848246540,
    "duration": 0,
    "pid": 14337,
    "index": 48
  },
  {
    "name": "Load app.js",
    "start": 1650848246541,
    "end": 1650848246565,
    "duration": 24,
    "pid": 14337,
    "index": 49
  },
  {
    "name": "Require(40) node_modules/egg-session/app.js",
    "start": 1650848246541,
    "end": 1650848246541,
    "duration": 0,
    "pid": 14337,
    "index": 50
  },
  {
    "name": "Require(41) node_modules/egg-security/app.js",
    "start": 1650848246541,
    "end": 1650848246542,
    "duration": 1,
    "pid": 14337,
    "index": 51
  },
  {
    "name": "Require(42) node_modules/egg-onerror/app.js",
    "start": 1650848246542,
    "end": 1650848246545,
    "duration": 3,
    "pid": 14337,
    "index": 52
  },
  {
    "name": "Require(43) node_modules/egg-i18n/app.js",
    "start": 1650848246545,
    "end": 1650848246551,
    "duration": 6,
    "pid": 14337,
    "index": 53
  },
  {
    "name": "Require(44) node_modules/egg-watcher/app.js",
    "start": 1650848246551,
    "end": 1650848246552,
    "duration": 1,
    "pid": 14337,
    "index": 54
  },
  {
    "name": "Require(45) node_modules/egg-schedule/app.js",
    "start": 1650848246552,
    "end": 1650848246553,
    "duration": 1,
    "pid": 14337,
    "index": 55
  },
  {
    "name": "Require(46) node_modules/egg-multipart/app.js",
    "start": 1650848246553,
    "end": 1650848246553,
    "duration": 0,
    "pid": 14337,
    "index": 56
  },
  {
    "name": "Require(47) node_modules/egg-development/app.js",
    "start": 1650848246554,
    "end": 1650848246554,
    "duration": 0,
    "pid": 14337,
    "index": 57
  },
  {
    "name": "Require(48) node_modules/egg-logrotator/app.js",
    "start": 1650848246554,
    "end": 1650848246554,
    "duration": 0,
    "pid": 14337,
    "index": 58
  },
  {
    "name": "Require(49) node_modules/egg-static/app.js",
    "start": 1650848246554,
    "end": 1650848246554,
    "duration": 0,
    "pid": 14337,
    "index": 59
  },
  {
    "name": "Require(50) node_modules/egg-view-nunjucks/app.js",
    "start": 1650848246554,
    "end": 1650848246555,
    "duration": 1,
    "pid": 14337,
    "index": 60
  },
  {
    "name": "Require(51) node_modules/egg-mysql/app.js",
    "start": 1650848246555,
    "end": 1650848246564,
    "duration": 9,
    "pid": 14337,
    "index": 61
  },
  {
    "name": "Require(52) node_modules/egg-mongoose/app.js",
    "start": 1650848246565,
    "end": 1650848246565,
    "duration": 0,
    "pid": 14337,
    "index": 62
  },
  {
    "name": "Before Start in node_modules/egg-watcher/lib/init.js:15:14",
    "start": 1650848246570,
    "end": 1650848246953,
    "duration": 383,
    "pid": 14337,
    "index": 63
  },
  {
    "name": "Before Start in node_modules/egg-mongoose/lib/mongoose.js:104:7",
    "start": 1650848246833,
    "end": 1650848247571,
    "duration": 738,
    "pid": 14337,
    "index": 64
  },
  {
    "name": "Before Start in node_modules/egg-mongoose/lib/mongoose.js:52:9",
    "start": 1650848246834,
    "end": 1650848246943,
    "duration": 109,
    "pid": 14337,
    "index": 65
  },
  {
    "name": "Load Service",
    "start": 1650848246834,
    "end": 1650848246837,
    "duration": 3,
    "pid": 14337,
    "index": 66
  },
  {
    "name": "Load \"service\" to Context",
    "start": 1650848246834,
    "end": 1650848246837,
    "duration": 3,
    "pid": 14337,
    "index": 67
  },
  {
    "name": "Load Middleware",
    "start": 1650848246837,
    "end": 1650848246909,
    "duration": 72,
    "pid": 14337,
    "index": 68
  },
  {
    "name": "Load \"middlewares\" to Application",
    "start": 1650848246837,
    "end": 1650848246890,
    "duration": 53,
    "pid": 14337,
    "index": 69
  },
  {
    "name": "Load Controller",
    "start": 1650848246909,
    "end": 1650848246913,
    "duration": 4,
    "pid": 14337,
    "index": 70
  },
  {
    "name": "Load \"controller\" to Application",
    "start": 1650848246909,
    "end": 1650848246913,
    "duration": 4,
    "pid": 14337,
    "index": 71
  },
  {
    "name": "Load Router",
    "start": 1650848246913,
    "end": 1650848246915,
    "duration": 2,
    "pid": 14337,
    "index": 72
  },
  {
    "name": "Require(53) app/router.js",
    "start": 1650848246913,
    "end": 1650848246913,
    "duration": 0,
    "pid": 14337,
    "index": 73
  },
  {
    "name": "Before Start in node_modules/egg-core/lib/egg.js:303:10",
    "start": 1650848246914,
    "end": 1650848246943,
    "duration": 29,
    "pid": 14337,
    "index": 74
  },
  {
    "name": "Load \"model\" to Application",
    "start": 1650848246922,
    "end": 1650848246943,
    "duration": 21,
    "pid": 14337,
    "index": 75
  }
]