[
  {
    "name": "Process Start",
    "start": 1650852498828,
    "end": 1650852499307,
    "duration": 479,
    "pid": 32644,
    "index": 0
  },
  {
    "name": "Application Start",
    "start": 1650852499308,
    "end": 1650852500226,
    "duration": 918,
    "pid": 32644,
    "index": 1
  },
  {
    "name": "Load Plugin",
    "start": 1650852499311,
    "end": 1650852499321,
    "duration": 10,
    "pid": 32644,
    "index": 2
  },
  {
    "name": "Load Config",
    "start": 1650852499321,
    "end": 1650852499341,
    "duration": 20,
    "pid": 32644,
    "index": 3
  },
  {
    "name": "Require(0) config/config.default.js",
    "start": 1650852499321,
    "end": 1650852499322,
    "duration": 1,
    "pid": 32644,
    "index": 4
  },
  {
    "name": "Require(1) node_modules/egg-session/config/config.default.js",
    "start": 1650852499323,
    "end": 1650852499324,
    "duration": 1,
    "pid": 32644,
    "index": 5
  },
  {
    "name": "Require(2) node_modules/egg-security/config/config.default.js",
    "start": 1650852499324,
    "end": 1650852499324,
    "duration": 0,
    "pid": 32644,
    "index": 6
  },
  {
    "name": "Require(3) node_modules/egg-jsonp/config/config.default.js",
    "start": 1650852499325,
    "end": 1650852499326,
    "duration": 1,
    "pid": 32644,
    "index": 7
  },
  {
    "name": "Require(4) node_modules/egg-onerror/config/config.default.js",
    "start": 1650852499326,
    "end": 1650852499326,
    "duration": 0,
    "pid": 32644,
    "index": 8
  },
  {
    "name": "Require(5) node_modules/egg-i18n/config/config.default.js",
    "start": 1650852499326,
    "end": 1650852499326,
    "duration": 0,
    "pid": 32644,
    "index": 9
  },
  {
    "name": "Require(6) node_modules/egg-watcher/config/config.default.js",
    "start": 1650852499327,
    "end": 1650852499327,
    "duration": 0,
    "pid": 32644,
    "index": 10
  },
  {
    "name": "Require(7) node_modules/egg-schedule/config/config.default.js",
    "start": 1650852499327,
    "end": 1650852499327,
    "duration": 0,
    "pid": 32644,
    "index": 11
  },
  {
    "name": "Require(8) node_modules/egg-multipart/config/config.default.js",
    "start": 1650852499328,
    "end": 1650852499328,
    "duration": 0,
    "pid": 32644,
    "index": 12
  },
  {
    "name": "Require(9) node_modules/egg-development/config/config.default.js",
    "start": 1650852499329,
    "end": 1650852499329,
    "duration": 0,
    "pid": 32644,
    "index": 13
  },
  {
    "name": "Require(10) node_modules/egg-logrotator/config/config.default.js",
    "start": 1650852499329,
    "end": 1650852499329,
    "duration": 0,
    "pid": 32644,
    "index": 14
  },
  {
    "name": "Require(11) node_modules/egg-static/config/config.default.js",
    "start": 1650852499329,
    "end": 1650852499330,
    "duration": 1,
    "pid": 32644,
    "index": 15
  },
  {
    "name": "Require(12) node_modules/egg-view/config/config.default.js",
    "start": 1650852499330,
    "end": 1650852499331,
    "duration": 1,
    "pid": 32644,
    "index": 16
  },
  {
    "name": "Require(13) node_modules/egg-view-nunjucks/config/config.default.js",
    "start": 1650852499331,
    "end": 1650852499333,
    "duration": 2,
    "pid": 32644,
    "index": 17
  },
  {
    "name": "Require(14) node_modules/egg-mysql/config/config.default.js",
    "start": 1650852499333,
    "end": 1650852499334,
    "duration": 1,
    "pid": 32644,
    "index": 18
  },
  {
    "name": "Require(15) node_modules/egg-mongoose/config/config.default.js",
    "start": 1650852499334,
    "end": 1650852499334,
    "duration": 0,
    "pid": 32644,
    "index": 19
  },
  {
    "name": "Require(16) node_modules/egg/config/config.default.js",
    "start": 1650852499334,
    "end": 1650852499334,
    "duration": 0,
    "pid": 32644,
    "index": 20
  },
  {
    "name": "Require(17) config/config.default.js",
    "start": 1650852499335,
    "end": 1650852499335,
    "duration": 0,
    "pid": 32644,
    "index": 21
  },
  {
    "name": "Require(18) node_modules/egg-security/config/config.local.js",
    "start": 1650852499336,
    "end": 1650852499336,
    "duration": 0,
    "pid": 32644,
    "index": 22
  },
  {
    "name": "Require(19) node_modules/egg-watcher/config/config.local.js",
    "start": 1650852499338,
    "end": 1650852499339,
    "duration": 1,
    "pid": 32644,
    "index": 23
  },
  {
    "name": "Require(20) node_modules/egg-view/config/config.local.js",
    "start": 1650852499340,
    "end": 1650852499340,
    "duration": 0,
    "pid": 32644,
    "index": 24
  },
  {
    "name": "Require(21) node_modules/egg-view-nunjucks/config/config.local.js",
    "start": 1650852499340,
    "end": 1650852499341,
    "duration": 1,
    "pid": 32644,
    "index": 25
  },
  {
    "name": "Require(22) node_modules/egg/config/config.local.js",
    "start": 1650852499341,
    "end": 1650852499341,
    "duration": 0,
    "pid": 32644,
    "index": 26
  },
  {
    "name": "Load extend/application.js",
    "start": 1650852499342,
    "end": 1650852499362,
    "duration": 20,
    "pid": 32644,
    "index": 27
  },
  {
    "name": "Require(23) node_modules/egg-session/app/extend/application.js",
    "start": 1650852499342,
    "end": 1650852499343,
    "duration": 1,
    "pid": 32644,
    "index": 28
  },
  {
    "name": "Require(24) node_modules/egg-security/app/extend/application.js",
    "start": 1650852499344,
    "end": 1650852499344,
    "duration": 0,
    "pid": 32644,
    "index": 29
  },
  {
    "name": "Require(25) node_modules/egg-jsonp/app/extend/application.js",
    "start": 1650852499344,
    "end": 1650852499345,
    "duration": 1,
    "pid": 32644,
    "index": 30
  },
  {
    "name": "Require(26) node_modules/egg-logrotator/app/extend/application.js",
    "start": 1650852499347,
    "end": 1650852499352,
    "duration": 5,
    "pid": 32644,
    "index": 31
  },
  {
    "name": "Require(27) node_modules/egg-view/app/extend/application.js",
    "start": 1650852499352,
    "end": 1650852499352,
    "duration": 0,
    "pid": 32644,
    "index": 32
  },
  {
    "name": "Require(28) node_modules/egg-view-nunjucks/app/extend/application.js",
    "start": 1650852499352,
    "end": 1650852499361,
    "duration": 9,
    "pid": 32644,
    "index": 33
  },
  {
    "name": "Load extend/request.js",
    "start": 1650852499362,
    "end": 1650852499367,
    "duration": 5,
    "pid": 32644,
    "index": 34
  },
  {
    "name": "Require(29) node_modules/egg/app/extend/request.js",
    "start": 1650852499366,
    "end": 1650852499367,
    "duration": 1,
    "pid": 32644,
    "index": 35
  },
  {
    "name": "Load extend/response.js",
    "start": 1650852499367,
    "end": 1650852499369,
    "duration": 2,
    "pid": 32644,
    "index": 36
  },
  {
    "name": "Require(30) node_modules/egg/app/extend/response.js",
    "start": 1650852499368,
    "end": 1650852499368,
    "duration": 0,
    "pid": 32644,
    "index": 37
  },
  {
    "name": "Load extend/context.js",
    "start": 1650852499369,
    "end": 1650852499402,
    "duration": 33,
    "pid": 32644,
    "index": 38
  },
  {
    "name": "Require(31) node_modules/egg-security/app/extend/context.js",
    "start": 1650852499369,
    "end": 1650852499371,
    "duration": 2,
    "pid": 32644,
    "index": 39
  },
  {
    "name": "Require(32) node_modules/egg-jsonp/app/extend/context.js",
    "start": 1650852499371,
    "end": 1650852499371,
    "duration": 0,
    "pid": 32644,
    "index": 40
  },
  {
    "name": "Require(33) node_modules/egg-i18n/app/extend/context.js",
    "start": 1650852499372,
    "end": 1650852499372,
    "duration": 0,
    "pid": 32644,
    "index": 41
  },
  {
    "name": "Require(34) node_modules/egg-multipart/app/extend/context.js",
    "start": 1650852499372,
    "end": 1650852499399,
    "duration": 27,
    "pid": 32644,
    "index": 42
  },
  {
    "name": "Require(35) node_modules/egg-view/app/extend/context.js",
    "start": 1650852499400,
    "end": 1650852499400,
    "duration": 0,
    "pid": 32644,
    "index": 43
  },
  {
    "name": "Require(36) node_modules/egg-mongoose/app/extend/context.js",
    "start": 1650852499401,
    "end": 1650852499401,
    "duration": 0,
    "pid": 32644,
    "index": 44
  },
  {
    "name": "Require(37) node_modules/egg/app/extend/context.js",
    "start": 1650852499401,
    "end": 1650852499401,
    "duration": 0,
    "pid": 32644,
    "index": 45
  },
  {
    "name": "Load extend/helper.js",
    "start": 1650852499402,
    "end": 1650852499410,
    "duration": 8,
    "pid": 32644,
    "index": 46
  },
  {
    "name": "Require(38) node_modules/egg-security/app/extend/helper.js",
    "start": 1650852499402,
    "end": 1650852499409,
    "duration": 7,
    "pid": 32644,
    "index": 47
  },
  {
    "name": "Require(39) node_modules/egg/app/extend/helper.js",
    "start": 1650852499409,
    "end": 1650852499410,
    "duration": 1,
    "pid": 32644,
    "index": 48
  },
  {
    "name": "Load app.js",
    "start": 1650852499410,
    "end": 1650852499435,
    "duration": 25,
    "pid": 32644,
    "index": 49
  },
  {
    "name": "Require(40) node_modules/egg-session/app.js",
    "start": 1650852499411,
    "end": 1650852499411,
    "duration": 0,
    "pid": 32644,
    "index": 50
  },
  {
    "name": "Require(41) node_modules/egg-security/app.js",
    "start": 1650852499411,
    "end": 1650852499413,
    "duration": 2,
    "pid": 32644,
    "index": 51
  },
  {
    "name": "Require(42) node_modules/egg-onerror/app.js",
    "start": 1650852499413,
    "end": 1650852499415,
    "duration": 2,
    "pid": 32644,
    "index": 52
  },
  {
    "name": "Require(43) node_modules/egg-i18n/app.js",
    "start": 1650852499416,
    "end": 1650852499423,
    "duration": 7,
    "pid": 32644,
    "index": 53
  },
  {
    "name": "Require(44) node_modules/egg-watcher/app.js",
    "start": 1650852499423,
    "end": 1650852499424,
    "duration": 1,
    "pid": 32644,
    "index": 54
  },
  {
    "name": "Require(45) node_modules/egg-schedule/app.js",
    "start": 1650852499424,
    "end": 1650852499425,
    "duration": 1,
    "pid": 32644,
    "index": 55
  },
  {
    "name": "Require(46) node_modules/egg-multipart/app.js",
    "start": 1650852499425,
    "end": 1650852499425,
    "duration": 0,
    "pid": 32644,
    "index": 56
  },
  {
    "name": "Require(47) node_modules/egg-development/app.js",
    "start": 1650852499425,
    "end": 1650852499425,
    "duration": 0,
    "pid": 32644,
    "index": 57
  },
  {
    "name": "Require(48) node_modules/egg-logrotator/app.js",
    "start": 1650852499425,
    "end": 1650852499425,
    "duration": 0,
    "pid": 32644,
    "index": 58
  },
  {
    "name": "Require(49) node_modules/egg-static/app.js",
    "start": 1650852499425,
    "end": 1650852499427,
    "duration": 2,
    "pid": 32644,
    "index": 59
  },
  {
    "name": "Require(50) node_modules/egg-view-nunjucks/app.js",
    "start": 1650852499428,
    "end": 1650852499428,
    "duration": 0,
    "pid": 32644,
    "index": 60
  },
  {
    "name": "Require(51) node_modules/egg-mysql/app.js",
    "start": 1650852499428,
    "end": 1650852499435,
    "duration": 7,
    "pid": 32644,
    "index": 61
  },
  {
    "name": "Require(52) node_modules/egg-mongoose/app.js",
    "start": 1650852499435,
    "end": 1650852499435,
    "duration": 0,
    "pid": 32644,
    "index": 62
  },
  {
    "name": "Before Start in node_modules/egg-watcher/lib/init.js:15:14",
    "start": 1650852499442,
    "end": 1650852499733,
    "duration": 291,
    "pid": 32644,
    "index": 63
  },
  {
    "name": "Before Start in node_modules/egg-mongoose/lib/mongoose.js:104:7",
    "start": 1650852499636,
    "end": 1650852500226,
    "duration": 590,
    "pid": 32644,
    "index": 64
  },
  {
    "name": "Before Start in node_modules/egg-mongoose/lib/mongoose.js:52:9",
    "start": 1650852499637,
    "end": 1650852499725,
    "duration": 88,
    "pid": 32644,
    "index": 65
  },
  {
    "name": "Load Service",
    "start": 1650852499637,
    "end": 1650852499641,
    "duration": 4,
    "pid": 32644,
    "index": 66
  },
  {
    "name": "Load \"service\" to Context",
    "start": 1650852499637,
    "end": 1650852499641,
    "duration": 4,
    "pid": 32644,
    "index": 67
  },
  {
    "name": "Load Middleware",
    "start": 1650852499642,
    "end": 1650852499701,
    "duration": 59,
    "pid": 32644,
    "index": 68
  },
  {
    "name": "Load \"middlewares\" to Application",
    "start": 1650852499642,
    "end": 1650852499689,
    "duration": 47,
    "pid": 32644,
    "index": 69
  },
  {
    "name": "Load Controller",
    "start": 1650852499701,
    "end": 1650852499703,
    "duration": 2,
    "pid": 32644,
    "index": 70
  },
  {
    "name": "Load \"controller\" to Application",
    "start": 1650852499701,
    "end": 1650852499703,
    "duration": 2,
    "pid": 32644,
    "index": 71
  },
  {
    "name": "Load Router",
    "start": 1650852499703,
    "end": 1650852499705,
    "duration": 2,
    "pid": 32644,
    "index": 72
  },
  {
    "name": "Require(53) app/router.js",
    "start": 1650852499703,
    "end": 1650852499704,
    "duration": 1,
    "pid": 32644,
    "index": 73
  },
  {
    "name": "Before Start in node_modules/egg-core/lib/egg.js:303:10",
    "start": 1650852499704,
    "end": 1650852499725,
    "duration": 21,
    "pid": 32644,
    "index": 74
  },
  {
    "name": "Load \"model\" to Application",
    "start": 1650852499711,
    "end": 1650852499725,
    "duration": 14,
    "pid": 32644,
    "index": 75
  }
]