[
  {
    "name": "Process Start",
    "start": 1650848223419,
    "end": 1650848224289,
    "duration": 870,
    "pid": 14219,
    "index": 0
  },
  {
    "name": "Application Start",
    "start": 1650848224289,
    "end": 1650848225354,
    "duration": 1065,
    "pid": 14219,
    "index": 1
  },
  {
    "name": "Load Plugin",
    "start": 1650848224293,
    "end": 1650848224303,
    "duration": 10,
    "pid": 14219,
    "index": 2
  },
  {
    "name": "Load Config",
    "start": 1650848224303,
    "end": 1650848224317,
    "duration": 14,
    "pid": 14219,
    "index": 3
  },
  {
    "name": "Require(0) config/config.default.js",
    "start": 1650848224304,
    "end": 1650848224305,
    "duration": 1,
    "pid": 14219,
    "index": 4
  },
  {
    "name": "Require(1) node_modules/egg-session/config/config.default.js",
    "start": 1650848224307,
    "end": 1650848224307,
    "duration": 0,
    "pid": 14219,
    "index": 5
  },
  {
    "name": "Require(2) node_modules/egg-security/config/config.default.js",
    "start": 1650848224307,
    "end": 1650848224308,
    "duration": 1,
    "pid": 14219,
    "index": 6
  },
  {
    "name": "Require(3) node_modules/egg-jsonp/config/config.default.js",
    "start": 1650848224309,
    "end": 1650848224309,
    "duration": 0,
    "pid": 14219,
    "index": 7
  },
  {
    "name": "Require(4) node_modules/egg-onerror/config/config.default.js",
    "start": 1650848224310,
    "end": 1650848224310,
    "duration": 0,
    "pid": 14219,
    "index": 8
  },
  {
    "name": "Require(5) node_modules/egg-i18n/config/config.default.js",
    "start": 1650848224310,
    "end": 1650848224310,
    "duration": 0,
    "pid": 14219,
    "index": 9
  },
  {
    "name": "Require(6) node_modules/egg-watcher/config/config.default.js",
    "start": 1650848224311,
    "end": 1650848224311,
    "duration": 0,
    "pid": 14219,
    "index": 10
  },
  {
    "name": "Require(7) node_modules/egg-schedule/config/config.default.js",
    "start": 1650848224311,
    "end": 1650848224312,
    "duration": 1,
    "pid": 14219,
    "index": 11
  },
  {
    "name": "Require(8) node_modules/egg-multipart/config/config.default.js",
    "start": 1650848224312,
    "end": 1650848224312,
    "duration": 0,
    "pid": 14219,
    "index": 12
  },
  {
    "name": "Require(9) node_modules/egg-development/config/config.default.js",
    "start": 1650848224312,
    "end": 1650848224312,
    "duration": 0,
    "pid": 14219,
    "index": 13
  },
  {
    "name": "Require(10) node_modules/egg-logrotator/config/config.default.js",
    "start": 1650848224313,
    "end": 1650848224313,
    "duration": 0,
    "pid": 14219,
    "index": 14
  },
  {
    "name": "Require(11) node_modules/egg-static/config/config.default.js",
    "start": 1650848224313,
    "end": 1650848224313,
    "duration": 0,
    "pid": 14219,
    "index": 15
  },
  {
    "name": "Require(12) node_modules/egg-view/config/config.default.js",
    "start": 1650848224313,
    "end": 1650848224313,
    "duration": 0,
    "pid": 14219,
    "index": 16
  },
  {
    "name": "Require(13) node_modules/egg-view-nunjucks/config/config.default.js",
    "start": 1650848224313,
    "end": 1650848224314,
    "duration": 1,
    "pid": 14219,
    "index": 17
  },
  {
    "name": "Require(14) node_modules/egg-mysql/config/config.default.js",
    "start": 1650848224314,
    "end": 1650848224314,
    "duration": 0,
    "pid": 14219,
    "index": 18
  },
  {
    "name": "Require(15) node_modules/egg-mongoose/config/config.default.js",
    "start": 1650848224314,
    "end": 1650848224314,
    "duration": 0,
    "pid": 14219,
    "index": 19
  },
  {
    "name": "Require(16) node_modules/egg/config/config.default.js",
    "start": 1650848224314,
    "end": 1650848224314,
    "duration": 0,
    "pid": 14219,
    "index": 20
  },
  {
    "name": "Require(17) config/config.default.js",
    "start": 1650848224315,
    "end": 1650848224315,
    "duration": 0,
    "pid": 14219,
    "index": 21
  },
  {
    "name": "Require(18) node_modules/egg-security/config/config.local.js",
    "start": 1650848224315,
    "end": 1650848224315,
    "duration": 0,
    "pid": 14219,
    "index": 22
  },
  {
    "name": "Require(19) node_modules/egg-watcher/config/config.local.js",
    "start": 1650848224317,
    "end": 1650848224317,
    "duration": 0,
    "pid": 14219,
    "index": 23
  },
  {
    "name": "Require(20) node_modules/egg-view/config/config.local.js",
    "start": 1650848224317,
    "end": 1650848224317,
    "duration": 0,
    "pid": 14219,
    "index": 24
  },
  {
    "name": "Require(21) node_modules/egg-view-nunjucks/config/config.local.js",
    "start": 1650848224317,
    "end": 1650848224317,
    "duration": 0,
    "pid": 14219,
    "index": 25
  },
  {
    "name": "Require(22) node_modules/egg/config/config.local.js",
    "start": 1650848224317,
    "end": 1650848224317,
    "duration": 0,
    "pid": 14219,
    "index": 26
  },
  {
    "name": "Load extend/application.js",
    "start": 1650848224318,
    "end": 1650848224342,
    "duration": 24,
    "pid": 14219,
    "index": 27
  },
  {
    "name": "Require(23) node_modules/egg-session/app/extend/application.js",
    "start": 1650848224319,
    "end": 1650848224323,
    "duration": 4,
    "pid": 14219,
    "index": 28
  },
  {
    "name": "Require(24) node_modules/egg-security/app/extend/application.js",
    "start": 1650848224324,
    "end": 1650848224325,
    "duration": 1,
    "pid": 14219,
    "index": 29
  },
  {
    "name": "Require(25) node_modules/egg-jsonp/app/extend/application.js",
    "start": 1650848224325,
    "end": 1650848224326,
    "duration": 1,
    "pid": 14219,
    "index": 30
  },
  {
    "name": "Require(26) node_modules/egg-logrotator/app/extend/application.js",
    "start": 1650848224326,
    "end": 1650848224327,
    "duration": 1,
    "pid": 14219,
    "index": 31
  },
  {
    "name": "Require(27) node_modules/egg-view/app/extend/application.js",
    "start": 1650848224327,
    "end": 1650848224328,
    "duration": 1,
    "pid": 14219,
    "index": 32
  },
  {
    "name": "Require(28) node_modules/egg-view-nunjucks/app/extend/application.js",
    "start": 1650848224328,
    "end": 1650848224341,
    "duration": 13,
    "pid": 14219,
    "index": 33
  },
  {
    "name": "Load extend/request.js",
    "start": 1650848224342,
    "end": 1650848224343,
    "duration": 1,
    "pid": 14219,
    "index": 34
  },
  {
    "name": "Require(29) node_modules/egg/app/extend/request.js",
    "start": 1650848224342,
    "end": 1650848224343,
    "duration": 1,
    "pid": 14219,
    "index": 35
  },
  {
    "name": "Load extend/response.js",
    "start": 1650848224343,
    "end": 1650848224345,
    "duration": 2,
    "pid": 14219,
    "index": 36
  },
  {
    "name": "Require(30) node_modules/egg/app/extend/response.js",
    "start": 1650848224344,
    "end": 1650848224345,
    "duration": 1,
    "pid": 14219,
    "index": 37
  },
  {
    "name": "Load extend/context.js",
    "start": 1650848224345,
    "end": 1650848224385,
    "duration": 40,
    "pid": 14219,
    "index": 38
  },
  {
    "name": "Require(31) node_modules/egg-security/app/extend/context.js",
    "start": 1650848224345,
    "end": 1650848224350,
    "duration": 5,
    "pid": 14219,
    "index": 39
  },
  {
    "name": "Require(32) node_modules/egg-jsonp/app/extend/context.js",
    "start": 1650848224350,
    "end": 1650848224350,
    "duration": 0,
    "pid": 14219,
    "index": 40
  },
  {
    "name": "Require(33) node_modules/egg-i18n/app/extend/context.js",
    "start": 1650848224351,
    "end": 1650848224351,
    "duration": 0,
    "pid": 14219,
    "index": 41
  },
  {
    "name": "Require(34) node_modules/egg-multipart/app/extend/context.js",
    "start": 1650848224351,
    "end": 1650848224383,
    "duration": 32,
    "pid": 14219,
    "index": 42
  },
  {
    "name": "Require(35) node_modules/egg-view/app/extend/context.js",
    "start": 1650848224383,
    "end": 1650848224384,
    "duration": 1,
    "pid": 14219,
    "index": 43
  },
  {
    "name": "Require(36) node_modules/egg-mongoose/app/extend/context.js",
    "start": 1650848224384,
    "end": 1650848224384,
    "duration": 0,
    "pid": 14219,
    "index": 44
  },
  {
    "name": "Require(37) node_modules/egg/app/extend/context.js",
    "start": 1650848224384,
    "end": 1650848224385,
    "duration": 1,
    "pid": 14219,
    "index": 45
  },
  {
    "name": "Load extend/helper.js",
    "start": 1650848224385,
    "end": 1650848224399,
    "duration": 14,
    "pid": 14219,
    "index": 46
  },
  {
    "name": "Require(38) node_modules/egg-security/app/extend/helper.js",
    "start": 1650848224386,
    "end": 1650848224398,
    "duration": 12,
    "pid": 14219,
    "index": 47
  },
  {
    "name": "Require(39) node_modules/egg/app/extend/helper.js",
    "start": 1650848224398,
    "end": 1650848224399,
    "duration": 1,
    "pid": 14219,
    "index": 48
  },
  {
    "name": "Load app.js",
    "start": 1650848224399,
    "end": 1650848224423,
    "duration": 24,
    "pid": 14219,
    "index": 49
  },
  {
    "name": "Require(40) node_modules/egg-session/app.js",
    "start": 1650848224400,
    "end": 1650848224400,
    "duration": 0,
    "pid": 14219,
    "index": 50
  },
  {
    "name": "Require(41) node_modules/egg-security/app.js",
    "start": 1650848224400,
    "end": 1650848224401,
    "duration": 1,
    "pid": 14219,
    "index": 51
  },
  {
    "name": "Require(42) node_modules/egg-onerror/app.js",
    "start": 1650848224401,
    "end": 1650848224404,
    "duration": 3,
    "pid": 14219,
    "index": 52
  },
  {
    "name": "Require(43) node_modules/egg-i18n/app.js",
    "start": 1650848224405,
    "end": 1650848224411,
    "duration": 6,
    "pid": 14219,
    "index": 53
  },
  {
    "name": "Require(44) node_modules/egg-watcher/app.js",
    "start": 1650848224411,
    "end": 1650848224413,
    "duration": 2,
    "pid": 14219,
    "index": 54
  },
  {
    "name": "Require(45) node_modules/egg-schedule/app.js",
    "start": 1650848224413,
    "end": 1650848224413,
    "duration": 0,
    "pid": 14219,
    "index": 55
  },
  {
    "name": "Require(46) node_modules/egg-multipart/app.js",
    "start": 1650848224413,
    "end": 1650848224413,
    "duration": 0,
    "pid": 14219,
    "index": 56
  },
  {
    "name": "Require(47) node_modules/egg-development/app.js",
    "start": 1650848224414,
    "end": 1650848224414,
    "duration": 0,
    "pid": 14219,
    "index": 57
  },
  {
    "name": "Require(48) node_modules/egg-logrotator/app.js",
    "start": 1650848224414,
    "end": 1650848224414,
    "duration": 0,
    "pid": 14219,
    "index": 58
  },
  {
    "name": "Require(49) node_modules/egg-static/app.js",
    "start": 1650848224414,
    "end": 1650848224414,
    "duration": 0,
    "pid": 14219,
    "index": 59
  },
  {
    "name": "Require(50) node_modules/egg-view-nunjucks/app.js",
    "start": 1650848224414,
    "end": 1650848224414,
    "duration": 0,
    "pid": 14219,
    "index": 60
  },
  {
    "name": "Require(51) node_modules/egg-mysql/app.js",
    "start": 1650848224414,
    "end": 1650848224423,
    "duration": 9,
    "pid": 14219,
    "index": 61
  },
  {
    "name": "Require(52) node_modules/egg-mongoose/app.js",
    "start": 1650848224423,
    "end": 1650848224423,
    "duration": 0,
    "pid": 14219,
    "index": 62
  },
  {
    "name": "Before Start in node_modules/egg-watcher/lib/init.js:15:14",
    "start": 1650848224428,
    "end": 1650848224734,
    "duration": 306,
    "pid": 14219,
    "index": 63
  },
  {
    "name": "Before Start in node_modules/egg-mongoose/lib/mongoose.js:104:7",
    "start": 1650848224632,
    "end": 1650848225353,
    "duration": 721,
    "pid": 14219,
    "index": 64
  },
  {
    "name": "Before Start in node_modules/egg-mongoose/lib/mongoose.js:52:9",
    "start": 1650848224632,
    "end": 1650848224728,
    "duration": 96,
    "pid": 14219,
    "index": 65
  },
  {
    "name": "Load Service",
    "start": 1650848224633,
    "end": 1650848224636,
    "duration": 3,
    "pid": 14219,
    "index": 66
  },
  {
    "name": "Load \"service\" to Context",
    "start": 1650848224633,
    "end": 1650848224636,
    "duration": 3,
    "pid": 14219,
    "index": 67
  },
  {
    "name": "Load Middleware",
    "start": 1650848224637,
    "end": 1650848224697,
    "duration": 60,
    "pid": 14219,
    "index": 68
  },
  {
    "name": "Load \"middlewares\" to Application",
    "start": 1650848224637,
    "end": 1650848224685,
    "duration": 48,
    "pid": 14219,
    "index": 69
  },
  {
    "name": "Load Controller",
    "start": 1650848224697,
    "end": 1650848224701,
    "duration": 4,
    "pid": 14219,
    "index": 70
  },
  {
    "name": "Load \"controller\" to Application",
    "start": 1650848224697,
    "end": 1650848224701,
    "duration": 4,
    "pid": 14219,
    "index": 71
  },
  {
    "name": "Load Router",
    "start": 1650848224701,
    "end": 1650848224703,
    "duration": 2,
    "pid": 14219,
    "index": 72
  },
  {
    "name": "Require(53) app/router.js",
    "start": 1650848224701,
    "end": 1650848224701,
    "duration": 0,
    "pid": 14219,
    "index": 73
  },
  {
    "name": "Before Start in node_modules/egg-core/lib/egg.js:303:10",
    "start": 1650848224701,
    "end": 1650848224728,
    "duration": 27,
    "pid": 14219,
    "index": 74
  },
  {
    "name": "Load \"model\" to Application",
    "start": 1650848224709,
    "end": 1650848224727,
    "duration": 18,
    "pid": 14219,
    "index": 75
  }
]